<?xml version="1.0" encoding="UTF-8"?>
<?xml-model href="span.rng" type="application/xml" schematypens="http://relaxng.org/ns/structure/1.0"?>
<layer docid="WPD15_A00.00081" xmlns="http://ids-mannheim.de/ns/KorAP" version="KorAP-0.4">
 <spanList>
  <span from="0" to="317"/>
  <span from="318" to="447"/>
  <span from="448" to="503"/>
  <span from="504" to="597"/>
  <span from="598" to="755"/>
  <span from="756" to="893"/>
  <span from="894" to="1053"/>
  <span from="1054" to="1164"/>
  <span from="1165" to="1270"/>
  <span from="1271" to="1382"/>
  <span from="1383" to="1454"/>
  <span from="1455" to="1590"/>
  <span from="1591" to="1626"/>
  <span from="1627" to="1633"/>
  <span from="1634" to="1706"/>
  <span from="1707" to="1745"/>
  <span from="1746" to="1863"/>
  <span from="1864" to="1967"/>
  <span from="1969" to="1975"/>
  <span from="1976" to="2159"/>
  <span from="2160" to="2167"/>
  <span from="2168" to="2204"/>
  <span from="2205" to="2327"/>
  <span from="2328" to="2428"/>
  <span from="2429" to="2435"/>
  <span from="2436" to="2475"/>
  <span from="2476" to="2557"/>
  <span from="2558" to="2583"/>
  <span from="2584" to="2608"/>
  <span from="2609" to="2664"/>
  <span from="2665" to="2727"/>
  <span from="2728" to="2734"/>
  <span from="2735" to="2787"/>
  <span from="2788" to="2820"/>
  <span from="2821" to="2882"/>
  <span from="2883" to="2971"/>
  <span from="2972" to="3015"/>
  <span from="3016" to="3077"/>
  <span from="3078" to="3105"/>
  <span from="3106" to="3170"/>
  <span from="3171" to="3197"/>
  <span from="3198" to="3305"/>
  <span from="3306" to="3342"/>
  <span from="3343" to="3447"/>
  <span from="3448" to="3601"/>
  <span from="3602" to="3607"/>
  <span from="3608" to="3677"/>
  <span from="3678" to="3701"/>
  <span from="3702" to="3707"/>
  <span from="3708" to="3814"/>
  <span from="3815" to="3886"/>
  <span from="3887" to="3914"/>
  <span from="3915" to="4120"/>
  <span from="4121" to="4346"/>
  <span from="4347" to="4443"/>
  <span from="4444" to="4487"/>
  <span from="4488" to="4632"/>
  <span from="4633" to="4686"/>
  <span from="4686" to="4828"/>
  <span from="4829" to="5006"/>
  <span from="5007" to="5116"/>
  <span from="5117" to="5328"/>
  <span from="5329" to="5399"/>
  <span from="5400" to="5543"/>
  <span from="5544" to="5704"/>
  <span from="5705" to="5776"/>
  <span from="5777" to="5867"/>
  <span from="5868" to="5986"/>
  <span from="5987" to="6148"/>
  <span from="6149" to="6291"/>
  <span from="6291" to="6579"/>
  <span from="6580" to="6701"/>
  <span from="6702" to="6789"/>
  <span from="6790" to="7269"/>
  <span from="7269" to="7615"/>
  <span from="7616" to="8214"/>
  <span from="8215" to="8310"/>
  <span from="8311" to="8665"/>
  <span from="8666" to="8942"/>
  <span from="8943" to="9051"/>
  <span from="9051" to="9381"/>
  <span from="9382" to="9449"/>
  <span from="9450" to="9482"/>
  <span from="9483" to="9680"/>
  <span from="9681" to="9894"/>
  <span from="9894" to="10241"/>
  <span from="10242" to="10375"/>
  <span from="10376" to="10466"/>
  <span from="10467" to="10638"/>
  <span from="10639" to="10784"/>
  <span from="10785" to="11072"/>
  <span from="11073" to="11184"/>
  <span from="11184" to="11304"/>
  <span from="11305" to="11430"/>
  <span from="11431" to="11524"/>
  <span from="11525" to="11601"/>
  <span from="11602" to="11701"/>
  <span from="11702" to="11845"/>
  <span from="11846" to="11891"/>
  <span from="11892" to="12027"/>
  <span from="12028" to="12182"/>
  <span from="12183" to="12350"/>
  <span from="12351" to="12411"/>
  <span from="12412" to="12548"/>
  <span from="12549" to="12759"/>
  <span from="12760" to="12829"/>
  <span from="12830" to="12924"/>
  <span from="12925" to="13181"/>
  <span from="13182" to="13276"/>
  <span from="13277" to="13532"/>
  <span from="13533" to="13564"/>
  <span from="13565" to="13633"/>
  <span from="13633" to="14005"/>
  <span from="14005" to="14307"/>
  <span from="14308" to="14879"/>
  <span from="14880" to="15063"/>
  <span from="15064" to="15207"/>
  <span from="15208" to="15301"/>
  <span from="15302" to="15439"/>
  <span from="15440" to="15695"/>
  <span from="15696" to="15790"/>
  <span from="15791" to="16035"/>
  <span from="16036" to="16152"/>
  <span from="16153" to="16355"/>
  <span from="16356" to="16626"/>
  <span from="16627" to="16722"/>
  <span from="16723" to="16904"/>
  <span from="16905" to="17156"/>
  <span from="17156" to="17188"/>
  <span from="17189" to="17245"/>
  <span from="17245" to="17263"/>
  <span from="17264" to="17302"/>
  <span from="17303" to="17325"/>
  <span from="17325" to="17475"/>
  <span from="17476" to="17602"/>
  <span from="17603" to="17703"/>
  <span from="17705" to="17711"/>
  <span from="17712" to="17794"/>
  <span from="17795" to="17941"/>
  <span from="17942" to="18162"/>
  <span from="18163" to="18236"/>
  <span from="18237" to="18317"/>
  <span from="18318" to="18445"/>
  <span from="18446" to="18664"/>
  <span from="18665" to="18858"/>
  <span from="18859" to="18948"/>
  <span from="18949" to="18954"/>
  <span from="18955" to="19029"/>
  <span from="19030" to="19284"/>
  <span from="19285" to="19424"/>
  <span from="19425" to="19676"/>
  <span from="19677" to="19979"/>
  <span from="19980" to="20040"/>
  <span from="20041" to="20194"/>
  <span from="20195" to="20459"/>
  <span from="20459" to="20674"/>
  <span from="20675" to="20857"/>
  <span from="20858" to="21017"/>
  <span from="21018" to="21132"/>
  <span from="21132" to="21470"/>
  <span from="21471" to="21801"/>
  <span from="21802" to="21853"/>
  <span from="21854" to="22100"/>
  <span from="22101" to="22182"/>
  <span from="22183" to="22452"/>
  <span from="22453" to="22503"/>
  <span from="22504" to="22668"/>
  <span from="22669" to="22826"/>
  <span from="22827" to="22919"/>
  <span from="22920" to="23056"/>
  <span from="23057" to="23106"/>
  <span from="23107" to="23257"/>
  <span from="23258" to="23387"/>
  <span from="23388" to="23442"/>
  <span from="23443" to="23565"/>
  <span from="23566" to="23838"/>
  <span from="23839" to="23918"/>
  <span from="23919" to="24113"/>
  <span from="24114" to="24243"/>
  <span from="24244" to="24291"/>
  <span from="24292" to="24318"/>
  <span from="24319" to="24401"/>
  <span from="24402" to="24457"/>
  <span from="24458" to="24518"/>
  <span from="24519" to="24553"/>
  <span from="24554" to="24564"/>
  <span from="24565" to="24589"/>
  <span from="24590" to="24612"/>
  <span from="24613" to="24735"/>
  <span from="24736" to="24894"/>
  <span from="24895" to="24993"/>
  <span from="24994" to="25062"/>
  <span from="25063" to="25155"/>
  <span from="25156" to="25232"/>
  <span from="25233" to="25445"/>
  <span from="25446" to="25560"/>
  <span from="25561" to="25581"/>
  <span from="25582" to="25620"/>
  <span from="25621" to="25640"/>
  <span from="25641" to="25660"/>
  <span from="25661" to="25714"/>
  <span from="25715" to="25738"/>
  <span from="25739" to="25780"/>
  <span from="25781" to="25800"/>
  <span from="25801" to="25820"/>
  <span from="25821" to="25855"/>
  <span from="25856" to="25872"/>
  <span from="25873" to="25884"/>
  <span from="25885" to="25889"/>
  <span from="25890" to="25895"/>
  <span from="25896" to="25900"/>
  <span from="25901" to="25924"/>
  <span from="25925" to="25944"/>
  <span from="25945" to="25964"/>
  <span from="25965" to="26034"/>
  <span from="26035" to="26076"/>
  <span from="26077" to="26087"/>
  <span from="26088" to="26112"/>
  <span from="26113" to="26129"/>
  <span from="26130" to="26153"/>
 </spanList>
</layer>
