<?xml version="1.0" encoding="UTF-8"?>
<?xml-model href="span.rng" type="application/xml" schematypens="http://relaxng.org/ns/structure/1.0"?>
<layer docid="WPD15_A00.00081" xmlns="http://ids-mannheim.de/ns/KorAP" version="KorAP-0.4">
 <spanList>
  <span from="0" to="110"/>
  <span from="110" to="117"/>
  <span from="117" to="274"/>
  <span from="275" to="329"/>
  <span from="330" to="459"/>
  <span from="460" to="515"/>
  <span from="516" to="609"/>
  <span from="610" to="767"/>
  <span from="768" to="905"/>
  <span from="906" to="1065"/>
  <span from="1066" to="1176"/>
  <span from="1177" to="1282"/>
  <span from="1283" to="1394"/>
  <span from="1395" to="1466"/>
  <span from="1467" to="1602"/>
  <span from="1603" to="1638"/>
  <span from="1639" to="1645"/>
  <span from="1646" to="1718"/>
  <span from="1719" to="1757"/>
  <span from="1758" to="1875"/>
  <span from="1876" to="1979"/>
  <span from="1981" to="1987"/>
  <span from="1988" to="2171"/>
  <span from="2172" to="2179"/>
  <span from="2180" to="2216"/>
  <span from="2217" to="2339"/>
  <span from="2340" to="2440"/>
  <span from="2441" to="2447"/>
  <span from="2448" to="2487"/>
  <span from="2488" to="2569"/>
  <span from="2570" to="2595"/>
  <span from="2596" to="2620"/>
  <span from="2621" to="2676"/>
  <span from="2677" to="2739"/>
  <span from="2740" to="2746"/>
  <span from="2747" to="2799"/>
  <span from="2800" to="2832"/>
  <span from="2833" to="2894"/>
  <span from="2895" to="2983"/>
  <span from="2984" to="3027"/>
  <span from="3028" to="3089"/>
  <span from="3090" to="3117"/>
  <span from="3118" to="3182"/>
  <span from="3183" to="3209"/>
  <span from="3210" to="3317"/>
  <span from="3318" to="3354"/>
  <span from="3355" to="3459"/>
  <span from="3460" to="3613"/>
  <span from="3614" to="3619"/>
  <span from="3620" to="3689"/>
  <span from="3690" to="3713"/>
  <span from="3714" to="3719"/>
  <span from="3720" to="3826"/>
  <span from="3827" to="3898"/>
  <span from="3899" to="3926"/>
  <span from="3927" to="4067"/>
  <span from="4067" to="4074"/>
  <span from="4074" to="4138"/>
  <span from="4139" to="4313"/>
  <span from="4314" to="4370"/>
  <span from="4371" to="4467"/>
  <span from="4468" to="4511"/>
  <span from="4512" to="4656"/>
  <span from="4657" to="4714"/>
  <span from="4714" to="4858"/>
  <span from="4859" to="4885"/>
  <span from="4886" to="5042"/>
  <span from="5043" to="5152"/>
  <span from="5153" to="5364"/>
  <span from="5365" to="5435"/>
  <span from="5436" to="5579"/>
  <span from="5580" to="5740"/>
  <span from="5741" to="5812"/>
  <span from="5813" to="5903"/>
  <span from="5904" to="6022"/>
  <span from="6023" to="6184"/>
  <span from="6185" to="6331"/>
  <span from="6331" to="6351"/>
  <span from="6351" to="6363"/>
  <span from="6364" to="6627"/>
  <span from="6628" to="6749"/>
  <span from="6750" to="6837"/>
  <span from="6838" to="6918"/>
  <span from="6918" to="6925"/>
  <span from="6925" to="7278"/>
  <span from="7279" to="7333"/>
  <span from="7333" to="7340"/>
  <span from="7340" to="7563"/>
  <span from="7563" to="7567"/>
  <span from="7567" to="7574"/>
  <span from="7574" to="7693"/>
  <span from="7694" to="7829"/>
  <span from="7829" to="7833"/>
  <span from="7833" to="7840"/>
  <span from="7840" to="8058"/>
  <span from="8059" to="8310"/>
  <span from="8311" to="8406"/>
  <span from="8407" to="8761"/>
  <span from="8762" to="9038"/>
  <span from="9039" to="9151"/>
  <span from="9151" to="9171"/>
  <span from="9171" to="9392"/>
  <span from="9393" to="9489"/>
  <span from="9490" to="9788"/>
  <span from="9789" to="10006"/>
  <span from="10006" to="10026"/>
  <span from="10026" to="10038"/>
  <span from="10039" to="10361"/>
  <span from="10362" to="10495"/>
  <span from="10496" to="10586"/>
  <span from="10587" to="10758"/>
  <span from="10759" to="10904"/>
  <span from="10905" to="11192"/>
  <span from="11193" to="11308"/>
  <span from="11308" to="11331"/>
  <span from="11331" to="11343"/>
  <span from="11344" to="11436"/>
  <span from="11437" to="11562"/>
  <span from="11563" to="11656"/>
  <span from="11657" to="11733"/>
  <span from="11734" to="11833"/>
  <span from="11834" to="11977"/>
  <span from="11978" to="12023"/>
  <span from="12024" to="12159"/>
  <span from="12160" to="12314"/>
  <span from="12315" to="12482"/>
  <span from="12483" to="12543"/>
  <span from="12544" to="12680"/>
  <span from="12681" to="12891"/>
  <span from="12892" to="12961"/>
  <span from="12962" to="13056"/>
  <span from="13057" to="13313"/>
  <span from="13314" to="13408"/>
  <span from="13409" to="13664"/>
  <span from="13665" to="13696"/>
  <span from="13697" to="14137"/>
  <span from="14137" to="14439"/>
  <span from="14440" to="14547"/>
  <span from="14547" to="14548"/>
  <span from="14548" to="15011"/>
  <span from="15012" to="15195"/>
  <span from="15196" to="15339"/>
  <span from="15340" to="15433"/>
  <span from="15434" to="15571"/>
  <span from="15572" to="15827"/>
  <span from="15828" to="15922"/>
  <span from="15923" to="16167"/>
  <span from="16168" to="16284"/>
  <span from="16285" to="16487"/>
  <span from="16488" to="16758"/>
  <span from="16759" to="16854"/>
  <span from="16855" to="17036"/>
  <span from="17037" to="17292"/>
  <span from="17292" to="17326"/>
  <span from="17327" to="17383"/>
  <span from="17383" to="17401"/>
  <span from="17402" to="17440"/>
  <span from="17441" to="17475"/>
  <span from="17476" to="17619"/>
  <span from="17620" to="17746"/>
  <span from="17747" to="17847"/>
  <span from="17849" to="17855"/>
  <span from="17856" to="17938"/>
  <span from="17939" to="18085"/>
  <span from="18086" to="18306"/>
  <span from="18307" to="18380"/>
  <span from="18381" to="18461"/>
  <span from="18462" to="18589"/>
  <span from="18590" to="18808"/>
  <span from="18809" to="19002"/>
  <span from="19003" to="19092"/>
  <span from="19093" to="19098"/>
  <span from="19099" to="19173"/>
  <span from="19174" to="19428"/>
  <span from="19429" to="19568"/>
  <span from="19569" to="19820"/>
  <span from="19821" to="20123"/>
  <span from="20124" to="20184"/>
  <span from="20185" to="20338"/>
  <span from="20339" to="20607"/>
  <span from="20607" to="20627"/>
  <span from="20627" to="20762"/>
  <span from="20763" to="20830"/>
  <span from="20831" to="21013"/>
  <span from="21014" to="21173"/>
  <span from="21174" to="21292"/>
  <span from="21292" to="21312"/>
  <span from="21312" to="21441"/>
  <span from="21442" to="21638"/>
  <span from="21639" to="21969"/>
  <span from="21970" to="22021"/>
  <span from="22022" to="22268"/>
  <span from="22269" to="22350"/>
  <span from="22351" to="22620"/>
  <span from="22621" to="22671"/>
  <span from="22672" to="22836"/>
  <span from="22837" to="22994"/>
  <span from="22995" to="23087"/>
  <span from="23088" to="23224"/>
  <span from="23225" to="23274"/>
  <span from="23275" to="23425"/>
  <span from="23426" to="23555"/>
  <span from="23556" to="23610"/>
  <span from="23611" to="23733"/>
  <span from="23734" to="24006"/>
  <span from="24007" to="24086"/>
  <span from="24087" to="24411"/>
  <span from="24412" to="24459"/>
  <span from="24460" to="24464"/>
  <span from="24464" to="24492"/>
  <span from="24493" to="24575"/>
  <span from="24576" to="24631"/>
  <span from="24632" to="24692"/>
  <span from="24692" to="24696"/>
  <span from="24697" to="24731"/>
  <span from="24732" to="24742"/>
  <span from="24743" to="24767"/>
  <span from="24768" to="24790"/>
  <span from="24791" to="24817"/>
  <span from="24818" to="24919"/>
  <span from="24920" to="25078"/>
  <span from="25079" to="25177"/>
  <span from="25178" to="25246"/>
  <span from="25247" to="25339"/>
  <span from="25340" to="25416"/>
  <span from="25417" to="25629"/>
  <span from="25630" to="25744"/>
  <span from="25745" to="25765"/>
  <span from="25766" to="25804"/>
  <span from="25805" to="25824"/>
  <span from="25825" to="25844"/>
  <span from="25845" to="25898"/>
  <span from="25899" to="25922"/>
  <span from="25923" to="25964"/>
  <span from="25965" to="25984"/>
  <span from="25985" to="26004"/>
  <span from="26005" to="26039"/>
  <span from="26040" to="26056"/>
  <span from="26057" to="26068"/>
  <span from="26069" to="26073"/>
  <span from="26074" to="26079"/>
  <span from="26079" to="26083"/>
  <span from="26084" to="26088"/>
  <span from="26089" to="26112"/>
  <span from="26113" to="26132"/>
  <span from="26133" to="26152"/>
  <span from="26153" to="26222"/>
  <span from="26222" to="26226"/>
  <span from="26227" to="26268"/>
  <span from="26269" to="26279"/>
  <span from="26280" to="26304"/>
  <span from="26305" to="26321"/>
  <span from="26322" to="26345"/>
 </spanList>
</layer>
