<?xml version="1.0" encoding="UTF-8"?>
<?xml-model href="span.rng" type="application/xml" schematypens="http://relaxng.org/ns/structure/1.0"?>

<layer docid="REI_RBR.00610" xmlns="http://ids-mannheim.de/ns/KorAP" version="KorAP-0.4">
  <spanList>
    <span from="0" to="91" />
    <span from="92" to="241" />
    <span from="242" to="382" />
    <span from="383" to="574" />
    <span from="575" to="650" />
    <span from="651" to="917" />
    <span from="918" to="994" />
    <span from="995" to="1043" />
    <span from="1044" to="1107" />
    <span from="1108" to="1181" />
    <span from="1182" to="1297" />
    <span from="1298" to="1343" />
    <span from="1344" to="1462" />
    <span from="1463" to="1550" />
    <span from="1551" to="1592" />
    <span from="1593" to="1651" />
    <span from="1652" to="1807" />
    <span from="1808" to="1840" />
    <span from="1841" to="2002" />
    <span from="2003" to="2055" />
    <span from="2056" to="2129" />
    <span from="2130" to="2282" />
    <span from="2283" to="2368" />
    <span from="2369" to="2490" />
    <span from="2491" to="2569" />
    <span from="2570" to="2660" />
    <span from="2661" to="2680" />
    <span from="2681" to="2755" />
    <span from="2756" to="2802" />
    <span from="2803" to="2850" />
    <span from="2851" to="3043" />
    <span from="3044" to="3149" />
    <span from="3150" to="3349" />
    <span from="3350" to="3507" />
    <span from="3508" to="3622" />
    <span from="3623" to="3724" />
    <span from="3725" to="3770" />
    <span from="3771" to="4021" />
    <span from="4022" to="4066" />
    <span from="4067" to="4112" />
    <span from="4113" to="4197" />
    <span from="4198" to="4267" />
    <span from="4268" to="4299" />
    <span from="4300" to="4426" />
    <span from="4427" to="4537" />
    <span from="4538" to="4616" />
    <span from="4617" to="4657" />
    <span from="4658" to="4851" />
    <span from="4852" to="4903" />
    <span from="4904" to="5018" />
    <span from="5019" to="5109" />
    <span from="5110" to="5167" />
    <span from="5168" to="5328" />
    <span from="5329" to="5446" />
    <span from="5447" to="5569" />
    <span from="5570" to="5673" />
    <span from="5674" to="5705" />
    <span from="5706" to="5773" />
    <span from="5774" to="5863" />
    <span from="5864" to="5898" />
    <span from="5899" to="5943" />
    <span from="5944" to="6025" />
    <span from="6026" to="6123" />
    <span from="6124" to="6327" />
    <span from="6328" to="6451" />
    <span from="6452" to="6562" />
    <span from="6563" to="6658" />
    <span from="6659" to="6706" />
    <span from="6707" to="6766" />
    <span from="6767" to="6925" />
    <span from="6926" to="7007" />
    <span from="7008" to="7097" />
    <span from="7098" to="7220" />
    <span from="7221" to="7264" />
    <span from="7265" to="7324" />
    <span from="7325" to="7607" />
    <span from="7608" to="7678" />
    <span from="7679" to="7760" />
    <span from="7761" to="7793" />
    <span from="7794" to="8186" />
    <span from="8187" to="8221" />
    <span from="8222" to="8378" />
    <span from="8379" to="8403" />
    <span from="8404" to="8470" />
    <span from="8471" to="8530" />
    <span from="8531" to="8616" />
    <span from="8617" to="8651" />
    <span from="8652" to="8715" />
    <span from="8716" to="8782" />
    <span from="8783" to="8867" />
    <span from="8868" to="9082" />
    <span from="9083" to="9221" />
    <span from="9222" to="9276" />
    <span from="9277" to="9337" />
    <span from="9338" to="9437" />
    <span from="9438" to="9483" />
    <span from="9484" to="9541" />
    <span from="9542" to="9608" />
    <span from="9609" to="9757" />
    <span from="9758" to="9766" />
    <span from="9767" to="9818" />
    <span from="9819" to="9896" />
    <span from="9897" to="9929" />
    <span from="9930" to="10209" />
    <span from="10210" to="10346" />
    <span from="10347" to="10377" />
    <span from="10378" to="10560" />
    <span from="10561" to="10760" />
    <span from="10761" to="10780" />
    <span from="10781" to="10873" />
    <span from="10874" to="11031" />
    <span from="11032" to="11154" />
    <span from="11155" to="11357" />
    <span from="11358" to="11383" />
    <span from="11384" to="11412" />
    <span from="11413" to="11540" />
    <span from="11541" to="11703" />
    <span from="11704" to="11911" />
    <span from="11912" to="12062" />
    <span from="12063" to="12126" />
    <span from="12127" to="12172" />
    <span from="12173" to="12377" />
    <span from="12378" to="12500" />
    <span from="12501" to="12606" />
    <span from="12607" to="12668" />
    <span from="12669" to="12757" />
    <span from="12758" to="12966" />
    <span from="12967" to="13237" />
    <span from="13238" to="13441" />
    <span from="13442" to="13708" />
    <span from="13709" to="13832" />
    <span from="13833" to="14083" />
    <span from="14084" to="14138" />
    <span from="14139" to="14168" />
    <span from="14169" to="14308" />
    <span from="14309" to="14380" />
    <span from="14381" to="14408" />
    <span from="14409" to="14437" />
    <span from="14438" to="14649" />
    <span from="14650" to="14700" />
    <span from="14701" to="14804" />
    <span from="14805" to="14857" />
    <span from="14858" to="15032" />
    <span from="15033" to="15063" />
    <span from="15064" to="15099" />
    <span from="15100" to="15339" />
    <span from="15340" to="15507" />
    <span from="15508" to="15643" />
    <span from="15644" to="15857" />
    <span from="15858" to="15954" />
    <span from="15955" to="16020" />
    <span from="16021" to="16090" />
    <span from="16091" to="16328" />
    <span from="16329" to="16366" />
    <span from="16367" to="16399" />
    <span from="16400" to="16567" />
    <span from="16568" to="16617" />
    <span from="16618" to="16699" />
    <span from="16700" to="16831" />
    <span from="16832" to="17083" />
    <span from="17084" to="17196" />
    <span from="17197" to="17376" />
    <span from="17377" to="17495" />
    <span from="17496" to="17654" />
    <span from="17655" to="17696" />
    <span from="17697" to="17795" />
    <span from="17796" to="17812" />
    <span from="17813" to="17859" />
  </spanList>
</layer>