<?xml version="1.0" encoding="UTF-8"?>
<?xml-model href="header.rng" type="application/xml" schematypens="http://relaxng.org/ns/structure/1.0"?>
<!DOCTYPE idsCorpus PUBLIC "-//IDS//DTD IDS-XCES 1.0//EN" "http://corpora.ids-mannheim.de/idsxces1/DTD/ids.xcesdoc.dtd">
<idsHeader type="corpus" pattern="allesaußerZtg/Zschr" status="new" version="1.0" TEIform="teiHeader">
  <fileDesc>
   <titleStmt>
    <korpusSigle>WPD15</korpusSigle>
    <c.title>Wikipedia.de 2015 Artikel</c.title>
   </titleStmt>
   <editionStmt version="1.0"/>
   <publicationStmt>
    <distributor>Institut für Deutsche Sprache</distributor>
    <pubAddress>Postfach 10 16 21, D-68016 Mannheim</pubAddress>
    <telephone>+49 (0)621 1581 0</telephone>
    <eAddress type="www">http://www.ids-mannheim.de</eAddress>
    <eAddress type="www">http://www.ids-mannheim.de/kl/projekte/korpora/</eAddress>
    <eAddress type="email">dereko@ids-mannheim.de</eAddress>
    <availability status="restricted">This document, the IDS-Wikipedia.de-Corpus, is part of the Archive of General Reference Corpora at the IDS. It is published under the Creative Commons Attribution-ShareAlike License. See http://creativecommons.org/licenses/by-sa/3.0/legalcode for details. See http://www.ids-mannheim.de/kl/projekte/korpora/releases.html on how to refer to this document.</availability>
    <pubDate type="year">2015</pubDate>
   </publicationStmt>
   <sourceDesc>
    <biblStruct Default="n">
     <monogr>
      <h.title type="main">Wikipedia</h.title>
      <h.author/>
      <editor>wikipedia.org</editor>
      <edition>
       <further>Dump file "dewiki-20150501-pages-meta-current.xml" retrieved from http://dumps.wikimedia.org</further>
       <kind/>
       <appearance/>
      </edition>
      <imprint>
       <publisher>Wikipedia</publisher>
       <pubPlace>URL:http://de.wikipedia.org</pubPlace>
      </imprint>
     </monogr>
    </biblStruct>
   </sourceDesc>
  </fileDesc>
  <encodingDesc>
   <editorialDecl>
    <conformance>This document conforms to I5 (see http://jtei.revues.org/508)</conformance>
    <transduction>This document has been generated via a two-stage conversion by Eliza Margaretha. In the first stage, wikitext from a Wikidump is converted into WikiXML by the WikiXMLConverter tool and in the second stage, WikiXML is converted into I5 by the WikiI5Converter tool. The converters are available at http://corpora.ids-mannheim.de/pub/tools/. Reference: Eliza Margaretha and Harald Lüngen (2014): Building Linguistic Corporafrom Wikipedia Articles and Discussions. In: Journal of LanguageTechnology and Computational Linguistics (JLCL) 29 (2). Special Issue onBuilding and Annotating Corpora of Computer-mediated Communication:Issues and Challenges at the Interface between Computational and CorpusLinguistics, edited by Michael Beißwenger, Nelleke Oostdijk, AngelikaStorrer and Henk van den Heuvel. URL:http://www.jlcl.org/2014_Heft2/Heft2-2014.pdf</transduction>
   </editorialDecl>
   <classDecl>
    <taxonomy id="topic">
     <h.bibl>Thementaxonomie (siehe http://www.ids-mannheim.de/kl/projekte/methoden/te.html)</h.bibl>
     <category id="topic.fiktion">
      <catDesc>Fiktion</catDesc>
      <category id="topic.fiktion.vermischtes">
       <catDesc>Fiktion:Vermischtes</catDesc>
      </category>
     </category>
     <category id="topic.freizeit-unterhaltung">
      <catDesc>Freizeit_Unterhaltung</catDesc>
      <category id="topic.freizeit-unterhaltung.reisen">
       <catDesc>Freizeit_Unterhaltung:Reisen</catDesc>
      </category>
      <category id="topic.freizeit-unterhaltung.rundfunk">
       <catDesc>Freizeit_Unterhaltung:Rundfunk</catDesc>
      </category>
      <category id="topic.freizeit-unterhaltung.vereine-veranstaltungen">
       <catDesc>Freizeit_Unterhaltung:Vereine_Veranstaltungen</catDesc>
      </category>
     </category>
     <category id="topic.gesundheit-ernaehrung">
      <catDesc>Gesundheit_Ernaehrung</catDesc>
      <category id="topic.gesundheit-ernaehrung.ernaehrung">
       <catDesc>Gesundheit_Ernaehrung:Ernaehrung</catDesc>
      </category>
      <category id="topic.gesundheit-ernaehrung.gesundheit">
       <catDesc>Gesundheit_Ernaehrung:Gesundheit</catDesc>
      </category>
     </category>
     <category id="topic.kultur">
      <catDesc>Kultur</catDesc>
      <category id="topic.kultur.bildende-kunst">
       <catDesc>Kultur:Bildende Kunst</catDesc>
      </category>
      <category id="topic.kultur.darstellende-kunst">
       <catDesc>Kultur:Darstellende Kunst</catDesc>
      </category>
      <category id="topic.kultur.film">
       <catDesc>Kultur:Film</catDesc>
      </category>
      <category id="topic.kultur.literatur">
       <catDesc>Kultur:Literatur</catDesc>
      </category>
      <category id="topic.kultur.mode">
       <catDesc>Kultur:Mode</catDesc>
      </category>
      <category id="topic.kultur.musik">
       <catDesc>Kultur:Musik</catDesc>
      </category>
     </category>
     <category id="topic.natur-umwelt">
      <catDesc>Natur_Umwelt</catDesc>
      <category id="topic.natur-umwelt.garten">
       <catDesc>Natur_Umwelt:Garten</catDesc>
      </category>
      <category id="topic.natur-umwelt.tiere">
       <catDesc>Natur_Umwelt:Tiere</catDesc>
      </category>
      <category id="topic.natur-umwelt.wetter-klima">
       <catDesc>Natur_Umwelt:Wetter_Klima</catDesc>
      </category>
     </category>
     <category id="topic.politik">
      <catDesc>Politik</catDesc>
      <category id="topic.politik.ausland">
       <catDesc>Politik:Ausland</catDesc>
      </category>
      <category id="topic.politik.inland">
       <catDesc>Politik:Inland</catDesc>
      </category>
      <category id="topic.politik.kommunalpolitik">
       <catDesc>Politik:Kommunalpolitik</catDesc>
      </category>
     </category>
     <category id="topic.rest">
      <catDesc>Rest</catDesc>
      <category id="topic.rest.boersenkurse">
       <catDesc>Rest:boersenkurse</catDesc>
      </category>
      <category id="topic.rest.geburt-tod-heirat">
       <catDesc>Rest:geburt_tod_heirat</catDesc>
      </category>
      <category id="topic.rest.impressum">
       <catDesc>Rest:impressum</catDesc>
      </category>
      <category id="topic.rest.inhaltsverzeichnisse">
       <catDesc>Rest:inhaltsverzeichnisse</catDesc>
      </category>
      <category id="topic.rest.ligatabellen">
       <catDesc>Rest:ligatabellen</catDesc>
      </category>
      <category id="topic.rest.tabellen">
       <catDesc>Rest:tabellen</catDesc>
      </category>
      <category id="topic.rest.veranstaltungshinweise">
       <catDesc>Rest:veranstaltungshinweise</catDesc>
      </category>
     </category>
     <category id="topic.sport">
      <catDesc>Sport</catDesc>
      <category id="topic.sport.ballsport">
       <catDesc>Sport:Ballsport</catDesc>
      </category>
      <category id="topic.sport.fussball">
       <catDesc>Sport:Fussball</catDesc>
      </category>
      <category id="topic.sport.motorsport">
       <catDesc>Sport:Motorsport</catDesc>
      </category>
      <category id="topic.sport.radsport">
       <catDesc>Sport:Radsport</catDesc>
      </category>
      <category id="topic.sport.tennis">
       <catDesc>Sport:Tennis</catDesc>
      </category>
      <category id="topic.sport.vermischtes">
       <catDesc>Sport:Vermischtes</catDesc>
      </category>
      <category id="topic.sport.wintersport">
       <catDesc>Sport:Wintersport</catDesc>
      </category>
     </category>
     <category id="topic.staat-gesellschaft">
      <catDesc>Staat_Gesellschaft</catDesc>
      <category id="topic.staat-gesellschaft.arbeit-und-beruf">
       <catDesc>Staat_Gesellschaft:Arbeit_und_Beruf</catDesc>
      </category>
      <category id="topic.staat-gesellschaft.bildung">
       <catDesc>Staat_Gesellschaft:Bildung</catDesc>
      </category>
      <category id="topic.staat-gesellschaft.biographien-interviews">
       <catDesc>Staat_Gesellschaft:Biographien_Interviews</catDesc>
      </category>
      <category id="topic.staat-gesellschaft.drittes-reich-rechtsextremismus">
       <catDesc>Staat_Gesellschaft:Drittes_Reich_Rechtsextremismus</catDesc>
      </category>
      <category id="topic.staat-gesellschaft.familie-geschlecht">
       <catDesc>Staat_Gesellschaft:Familie_Geschlecht</catDesc>
      </category>
      <category id="topic.staat-gesellschaft.kirche">
       <catDesc>Staat_Gesellschaft:Kirche</catDesc>
      </category>
      <category id="topic.staat-gesellschaft.recht">
       <catDesc>Staat_Gesellschaft:Recht</catDesc>
      </category>
      <category id="topic.staat-gesellschaft.tod">
       <catDesc>Staat_Gesellschaft:Tod</catDesc>
      </category>
      <category id="topic.staat-gesellschaft.verbrechen">
       <catDesc>Staat_Gesellschaft:Verbrechen</catDesc>
      </category>
     </category>
     <category id="topic.technik-industrie">
      <catDesc>Technik_Industrie</catDesc>
      <category id="topic.technik-industrie.edv-elektronik">
       <catDesc>Technik_Industrie:EDV_Elektronik</catDesc>
      </category>
      <category id="topic.technik-industrie.kfz">
       <catDesc>Technik_Industrie:Kfz</catDesc>
      </category>
      <category id="topic.technik-industrie.transport-verkehr">
       <catDesc>Technik_Industrie:Transport_Verkehr</catDesc>
      </category>
      <category id="topic.technik-industrie.umweltschutz">
       <catDesc>Technik_Industrie:Umweltschutz</catDesc>
      </category>
      <category id="topic.technik-industrie.unfaelle">
       <catDesc>Technik_Industrie:Unfaelle</catDesc>
      </category>
     </category>
     <category id="topic.wirtschaft-finanzen">
      <catDesc>Wirtschaft_Finanzen</catDesc>
      <category id="topic.wirtschaft-finanzen.banken">
       <catDesc>Wirtschaft_Finanzen:Banken</catDesc>
      </category>
      <category id="topic.wirtschaft-finanzen.bilanzen">
       <catDesc>Wirtschaft_Finanzen:Bilanzen</catDesc>
      </category>
      <category id="topic.wirtschaft-finanzen.oeffentliche-finanzen">
       <catDesc>Wirtschaft_Finanzen:Oeffentliche_Finanzen</catDesc>
      </category>
      <category id="topic.wirtschaft-finanzen.sozialprodukt">
       <catDesc>Wirtschaft_Finanzen:Sozialprodukt</catDesc>
      </category>
      <category id="topic.wirtschaft-finanzen.waehrung">
       <catDesc>Wirtschaft_Finanzen:Waehrung</catDesc>
      </category>
     </category>
     <category id="topic.wissenschaft">
      <catDesc>Wissenschaft</catDesc>
      <category id="topic.wissenschaft.populaerwissenschaft">
       <catDesc>Wissenschaft:Populaerwissenschaft</catDesc>
      </category>
     </category>
     <category id="topic.unklassifizierbar">
      <catDesc>Text ist thematisch nicht klassifizierbar.</catDesc>
     </category>
    </taxonomy>
   </classDecl>
  </encodingDesc>
  <profileDesc>
   <langUsage>
    <language id="de" usage="100">Deutsch</language>
   </langUsage>
   <textClass>
    <catRef n="1" target="topic.kultur.film" scheme="topic"/>
   </textClass>
   <textDesc>
    <textType>Enzyklopädie</textType>
    <textTypeRef/>
   </textDesc>
  </profileDesc>
  <revisionDesc>
   <listChange>
    <change when="2015-09-11" who="#EM">initial public release</change>
   </listChange>
  </revisionDesc>
 </idsHeader>