<?xml version="1.0" encoding="UTF-8"?>
<?xml-model href="span.rng" type="application/xml" schematypens="http://relaxng.org/ns/structure/1.0"?>

<layer docid="REI_BNG.00128" xmlns="http://ids-mannheim.de/ns/KorAP" version="KorAP-0.4">
  <spanList>
    <span from="93" to="181" />
    <span from="182" to="836" />
    <span from="837" to="1254" />
    <span from="1255" to="2011" />
    <span from="2012" to="2691" />
    <span from="2692" to="3001" />
    <span from="3002" to="3362" />
    <span from="3363" to="3943" />
    <span from="3944" to="4213" />
    <span from="4214" to="4681" />
    <span from="4682" to="4694" />
    <span from="4695" to="4747" />
    <span from="4748" to="4799" />
  </spanList>
</layer>