<?xml version="1.0" encoding="UTF-8"?>
<?xml-model href="span.rng" type="application/xml" schematypens="http://relaxng.org/ns/structure/1.0"?>

<layer docid="REI_BNG.00128" xmlns="http://ids-mannheim.de/ns/KorAP" version="KorAP-0.4">
  <spanList>
    <span id="t_0" from="0" to="8" />
    <span id="t_1" from="9" to="17" />
    <span id="t_2" from="17" to="18" />
    <span id="t_3" from="19" to="36" />
    <span id="t_4" from="37" to="40" />
    <span id="t_5" from="41" to="50" />
    <span id="t_6" from="51" to="78" />
    <span id="t_7" from="79" to="81" />
    <span id="t_8" from="81" to="82" />
    <span id="t_9" from="83" to="87" />
    <span id="t_10" from="88" to="92" />
    <span id="t_11" from="93" to="108" />
    <span id="t_12" from="109" to="111" />
    <span id="t_13" from="111" to="112" />
    <span id="t_14" from="113" to="118" />
    <span id="t_15" from="119" to="126" />
    <span id="t_16" from="126" to="127" />
    <span id="t_17" from="128" to="131" />
    <span id="t_18" from="132" to="136" />
    <span id="t_19" from="137" to="140" />
    <span id="t_20" from="141" to="146" />
    <span id="t_21" from="147" to="150" />
    <span id="t_22" from="151" to="162" />
    <span id="t_23" from="163" to="171" />
    <span id="t_24" from="172" to="180" />
    <span id="t_25" from="180" to="181" />
    <span id="t_26" from="182" to="190" />
    <span id="t_27" from="191" to="199" />
    <span id="t_28" from="200" to="201" />
    <span id="t_29" from="201" to="208" />
    <span id="t_30" from="209" to="211" />
    <span id="t_31" from="211" to="212" />
    <span id="t_32" from="212" to="215" />
    <span id="t_33" from="216" to="222" />
    <span id="t_34" from="222" to="223" />
    <span id="t_35" from="223" to="224" />
    <span id="t_36" from="225" to="229" />
    <span id="t_37" from="230" to="241" />
    <span id="t_38" from="241" to="242" />
    <span id="t_39" from="243" to="248" />
    <span id="t_40" from="249" to="260" />
    <span id="t_41" from="261" to="264" />
    <span id="t_42" from="265" to="273" />
    <span id="t_43" from="273" to="274" />
    <span id="t_44" from="275" to="278" />
    <span id="t_45" from="279" to="287" />
    <span id="t_46" from="288" to="300" />
    <span id="t_47" from="301" to="304" />
    <span id="t_48" from="305" to="322" />
    <span id="t_49" from="322" to="323" />
    <span id="t_50" from="324" to="327" />
    <span id="t_51" from="328" to="334" />
    <span id="t_52" from="335" to="338" />
    <span id="t_53" from="339" to="341" />
    <span id="t_54" from="341" to="342" />
    <span id="t_55" from="343" to="346" />
    <span id="t_56" from="347" to="357" />
    <span id="t_57" from="358" to="361" />
    <span id="t_58" from="362" to="365" />
    <span id="t_59" from="366" to="368" />
    <span id="t_60" from="369" to="372" />
    <span id="t_61" from="373" to="377" />
    <span id="t_62" from="378" to="381" />
    <span id="t_63" from="382" to="388" />
    <span id="t_64" from="389" to="403" />
    <span id="t_65" from="404" to="422" />
    <span id="t_66" from="423" to="426" />
    <span id="t_67" from="427" to="430" />
    <span id="t_68" from="431" to="439" />
    <span id="t_69" from="440" to="443" />
    <span id="t_70" from="444" to="455" />
    <span id="t_71" from="456" to="459" />
    <span id="t_72" from="460" to="467" />
    <span id="t_73" from="468" to="476" />
    <span id="t_74" from="477" to="486" />
    <span id="t_75" from="487" to="492" />
    <span id="t_76" from="492" to="493" />
    <span id="t_77" from="494" to="497" />
    <span id="t_78" from="498" to="507" />
    <span id="t_79" from="508" to="515" />
    <span id="t_80" from="516" to="519" />
    <span id="t_81" from="520" to="533" />
    <span id="t_82" from="534" to="541" />
    <span id="t_83" from="542" to="554" />
    <span id="t_84" from="555" to="558" />
    <span id="t_85" from="559" to="569" />
    <span id="t_86" from="570" to="586" />
    <span id="t_87" from="586" to="587" />
    <span id="t_88" from="588" to="591" />
    <span id="t_89" from="592" to="596" />
    <span id="t_90" from="597" to="600" />
    <span id="t_91" from="601" to="604" />
    <span id="t_92" from="605" to="613" />
    <span id="t_93" from="613" to="614" />
    <span id="t_94" from="615" to="618" />
    <span id="t_95" from="619" to="641" />
    <span id="t_96" from="642" to="659" />
    <span id="t_97" from="660" to="662" />
    <span id="t_98" from="663" to="669" />
    <span id="t_99" from="670" to="676" />
    <span id="t_100" from="677" to="688" />
    <span id="t_101" from="689" to="695" />
    <span id="t_102" from="695" to="696" />
    <span id="t_103" from="697" to="700" />
    <span id="t_104" from="701" to="704" />
    <span id="t_105" from="705" to="707" />
    <span id="t_106" from="708" to="711" />
    <span id="t_107" from="712" to="724" />
    <span id="t_108" from="725" to="728" />
    <span id="t_109" from="729" to="733" />
    <span id="t_110" from="734" to="736" />
    <span id="t_111" from="737" to="740" />
    <span id="t_112" from="741" to="758" />
    <span id="t_113" from="759" to="769" />
    <span id="t_114" from="770" to="771" />
    <span id="t_115" from="772" to="775" />
    <span id="t_116" from="776" to="782" />
    <span id="t_117" from="783" to="785" />
    <span id="t_118" from="786" to="794" />
    <span id="t_119" from="795" to="798" />
    <span id="t_120" from="799" to="800" />
    <span id="t_121" from="801" to="803" />
    <span id="t_122" from="804" to="810" />
    <span id="t_123" from="811" to="816" />
    <span id="t_124" from="817" to="835" />
    <span id="t_125" from="835" to="836" />
    <span id="t_126" from="837" to="850" />
    <span id="t_127" from="851" to="854" />
    <span id="t_128" from="854" to="855" />
    <span id="t_129" from="856" to="860" />
    <span id="t_130" from="861" to="864" />
    <span id="t_131" from="865" to="869" />
    <span id="t_132" from="870" to="897" />
    <span id="t_133" from="898" to="900" />
    <span id="t_134" from="901" to="906" />
    <span id="t_135" from="907" to="909" />
    <span id="t_136" from="910" to="922" />
    <span id="t_137" from="923" to="929" />
    <span id="t_138" from="930" to="941" />
    <span id="t_139" from="942" to="950" />
    <span id="t_140" from="951" to="957" />
    <span id="t_141" from="957" to="958" />
    <span id="t_142" from="959" to="962" />
    <span id="t_143" from="963" to="967" />
    <span id="t_144" from="968" to="980" />
    <span id="t_145" from="980" to="981" />
    <span id="t_146" from="982" to="985" />
    <span id="t_147" from="986" to="1001" />
    <span id="t_148" from="1002" to="1006" />
    <span id="t_149" from="1007" to="1011" />
    <span id="t_150" from="1011" to="1012" />
    <span id="t_151" from="1013" to="1019" />
    <span id="t_152" from="1020" to="1023" />
    <span id="t_153" from="1024" to="1041" />
    <span id="t_154" from="1042" to="1048" />
    <span id="t_155" from="1049" to="1051" />
    <span id="t_156" from="1052" to="1062" />
    <span id="t_157" from="1063" to="1074" />
    <span id="t_158" from="1075" to="1078" />
    <span id="t_159" from="1079" to="1091" />
    <span id="t_160" from="1092" to="1102" />
    <span id="t_161" from="1102" to="1103" />
    <span id="t_162" from="1104" to="1107" />
    <span id="t_163" from="1108" to="1116" />
    <span id="t_164" from="1117" to="1123" />
    <span id="t_165" from="1124" to="1125" />
    <span id="t_166" from="1126" to="1129" />
    <span id="t_167" from="1130" to="1133" />
    <span id="t_168" from="1134" to="1140" />
    <span id="t_169" from="1141" to="1146" />
    <span id="t_170" from="1147" to="1155" />
    <span id="t_171" from="1156" to="1162" />
    <span id="t_172" from="1163" to="1169" />
    <span id="t_173" from="1170" to="1171" />
    <span id="t_174" from="1172" to="1176" />
    <span id="t_175" from="1177" to="1180" />
    <span id="t_176" from="1181" to="1184" />
    <span id="t_177" from="1185" to="1191" />
    <span id="t_178" from="1192" to="1199" />
    <span id="t_179" from="1200" to="1203" />
    <span id="t_180" from="1204" to="1222" />
    <span id="t_181" from="1223" to="1226" />
    <span id="t_182" from="1227" to="1230" />
    <span id="t_183" from="1231" to="1248" />
    <span id="t_184" from="1249" to="1253" />
    <span id="t_185" from="1253" to="1254" />
    <span id="t_186" from="1255" to="1257" />
    <span id="t_187" from="1258" to="1263" />
    <span id="t_188" from="1263" to="1264" />
    <span id="t_189" from="1265" to="1267" />
    <span id="t_190" from="1268" to="1273" />
    <span id="t_191" from="1274" to="1277" />
    <span id="t_192" from="1277" to="1278" />
    <span id="t_193" from="1279" to="1284" />
    <span id="t_194" from="1285" to="1288" />
    <span id="t_195" from="1289" to="1306" />
    <span id="t_196" from="1307" to="1310" />
    <span id="t_197" from="1311" to="1316" />
    <span id="t_198" from="1317" to="1332" />
    <span id="t_199" from="1333" to="1336" />
    <span id="t_200" from="1337" to="1344" />
    <span id="t_201" from="1345" to="1348" />
    <span id="t_202" from="1349" to="1352" />
    <span id="t_203" from="1353" to="1358" />
    <span id="t_204" from="1359" to="1371" />
    <span id="t_205" from="1372" to="1375" />
    <span id="t_206" from="1376" to="1390" />
    <span id="t_207" from="1391" to="1394" />
    <span id="t_208" from="1395" to="1397" />
    <span id="t_209" from="1397" to="1398" />
    <span id="t_210" from="1398" to="1404" />
    <span id="t_211" from="1404" to="1405" />
    <span id="t_212" from="1406" to="1408" />
    <span id="t_213" from="1409" to="1421" />
    <span id="t_214" from="1422" to="1432" />
    <span id="t_215" from="1433" to="1436" />
    <span id="t_216" from="1437" to="1448" />
    <span id="t_217" from="1449" to="1461" />
    <span id="t_218" from="1462" to="1466" />
    <span id="t_219" from="1466" to="1467" />
    <span id="t_220" from="1468" to="1470" />
    <span id="t_221" from="1471" to="1489" />
    <span id="t_222" from="1490" to="1492" />
    <span id="t_223" from="1493" to="1511" />
    <span id="t_224" from="1512" to="1521" />
    <span id="t_225" from="1521" to="1522" />
    <span id="t_226" from="1523" to="1525" />
    <span id="t_227" from="1526" to="1545" />
    <span id="t_228" from="1546" to="1551" />
    <span id="t_229" from="1552" to="1566" />
    <span id="t_230" from="1567" to="1576" />
    <span id="t_231" from="1577" to="1579" />
    <span id="t_232" from="1580" to="1585" />
    <span id="t_233" from="1586" to="1590" />
    <span id="t_234" from="1591" to="1594" />
    <span id="t_235" from="1595" to="1597" />
    <span id="t_236" from="1598" to="1603" />
    <span id="t_237" from="1604" to="1607" />
    <span id="t_238" from="1608" to="1610" />
    <span id="t_239" from="1611" to="1619" />
    <span id="t_240" from="1620" to="1628" />
    <span id="t_241" from="1629" to="1635" />
    <span id="t_242" from="1635" to="1636" />
    <span id="t_243" from="1637" to="1639" />
    <span id="t_244" from="1640" to="1644" />
    <span id="t_245" from="1645" to="1648" />
    <span id="t_246" from="1649" to="1656" />
    <span id="t_247" from="1657" to="1659" />
    <span id="t_248" from="1660" to="1663" />
    <span id="t_249" from="1664" to="1679" />
    <span id="t_250" from="1680" to="1691" />
    <span id="t_251" from="1692" to="1695" />
    <span id="t_252" from="1696" to="1699" />
    <span id="t_253" from="1700" to="1703" />
    <span id="t_254" from="1704" to="1712" />
    <span id="t_255" from="1712" to="1713" />
    <span id="t_256" from="1714" to="1718" />
    <span id="t_257" from="1719" to="1723" />
    <span id="t_258" from="1724" to="1725" />
    <span id="t_259" from="1726" to="1730" />
    <span id="t_260" from="1731" to="1735" />
    <span id="t_261" from="1736" to="1739" />
    <span id="t_262" from="1740" to="1745" />
    <span id="t_263" from="1746" to="1753" />
    <span id="t_264" from="1754" to="1759" />
    <span id="t_265" from="1760" to="1761" />
    <span id="t_266" from="1762" to="1766" />
    <span id="t_267" from="1767" to="1771" />
    <span id="t_268" from="1772" to="1775" />
    <span id="t_269" from="1776" to="1790" />
    <span id="t_270" from="1791" to="1794" />
    <span id="t_271" from="1795" to="1801" />
    <span id="t_272" from="1801" to="1802" />
    <span id="t_273" from="1803" to="1806" />
    <span id="t_274" from="1807" to="1821" />
    <span id="t_275" from="1822" to="1825" />
    <span id="t_276" from="1826" to="1829" />
    <span id="t_277" from="1830" to="1838" />
    <span id="t_278" from="1839" to="1843" />
    <span id="t_279" from="1844" to="1853" />
    <span id="t_280" from="1853" to="1854" />
    <span id="t_281" from="1855" to="1867" />
    <span id="t_282" from="1868" to="1871" />
    <span id="t_283" from="1872" to="1880" />
    <span id="t_284" from="1881" to="1884" />
    <span id="t_285" from="1885" to="1900" />
    <span id="t_286" from="1901" to="1907" />
    <span id="t_287" from="1908" to="1910" />
    <span id="t_288" from="1911" to="1918" />
    <span id="t_289" from="1918" to="1919" />
    <span id="t_290" from="1920" to="1923" />
    <span id="t_291" from="1924" to="1929" />
    <span id="t_292" from="1930" to="1933" />
    <span id="t_293" from="1934" to="1942" />
    <span id="t_294" from="1943" to="1946" />
    <span id="t_295" from="1947" to="1950" />
    <span id="t_296" from="1951" to="1965" />
    <span id="t_297" from="1966" to="1972" />
    <span id="t_298" from="1973" to="1976" />
    <span id="t_299" from="1977" to="1980" />
    <span id="t_300" from="1981" to="1987" />
    <span id="t_301" from="1988" to="1991" />
    <span id="t_302" from="1992" to="1996" />
    <span id="t_303" from="1997" to="2006" />
    <span id="t_304" from="2007" to="2010" />
    <span id="t_305" from="2010" to="2011" />
    <span id="t_306" from="2012" to="2015" />
    <span id="t_307" from="2016" to="2033" />
    <span id="t_308" from="2034" to="2039" />
    <span id="t_309" from="2040" to="2047" />
    <span id="t_310" from="2048" to="2054" />
    <span id="t_311" from="2055" to="2058" />
    <span id="t_312" from="2059" to="2064" />
    <span id="t_313" from="2065" to="2067" />
    <span id="t_314" from="2068" to="2077" />
    <span id="t_315" from="2078" to="2092" />
    <span id="t_316" from="2093" to="2096" />
    <span id="t_317" from="2097" to="2108" />
    <span id="t_318" from="2109" to="2119" />
    <span id="t_319" from="2120" to="2122" />
    <span id="t_320" from="2123" to="2126" />
    <span id="t_321" from="2127" to="2136" />
    <span id="t_322" from="2137" to="2149" />
    <span id="t_323" from="2149" to="2150" />
    <span id="t_324" from="2151" to="2153" />
    <span id="t_325" from="2154" to="2157" />
    <span id="t_326" from="2158" to="2175" />
    <span id="t_327" from="2175" to="2176" />
    <span id="t_328" from="2177" to="2180" />
    <span id="t_329" from="2181" to="2184" />
    <span id="t_330" from="2185" to="2187" />
    <span id="t_331" from="2188" to="2205" />
    <span id="t_332" from="2206" to="2215" />
    <span id="t_333" from="2216" to="2219" />
    <span id="t_334" from="2219" to="2220" />
    <span id="t_335" from="2221" to="2227" />
    <span id="t_336" from="2228" to="2231" />
    <span id="t_337" from="2232" to="2238" />
    <span id="t_338" from="2239" to="2251" />
    <span id="t_339" from="2252" to="2254" />
    <span id="t_340" from="2254" to="2255" />
    <span id="t_341" from="2256" to="2266" />
    <span id="t_342" from="2267" to="2278" />
    <span id="t_343" from="2279" to="2282" />
    <span id="t_344" from="2283" to="2300" />
    <span id="t_345" from="2301" to="2304" />
    <span id="t_346" from="2305" to="2313" />
    <span id="t_347" from="2314" to="2317" />
    <span id="t_348" from="2318" to="2322" />
    <span id="t_349" from="2322" to="2323" />
    <span id="t_350" from="2324" to="2328" />
    <span id="t_351" from="2328" to="2329" />
    <span id="t_352" from="2330" to="2332" />
    <span id="t_353" from="2333" to="2343" />
    <span id="t_354" from="2344" to="2347" />
    <span id="t_355" from="2348" to="2353" />
    <span id="t_356" from="2354" to="2357" />
    <span id="t_357" from="2358" to="2363" />
    <span id="t_358" from="2364" to="2369" />
    <span id="t_359" from="2370" to="2378" />
    <span id="t_360" from="2379" to="2391" />
    <span id="t_361" from="2392" to="2410" />
    <span id="t_362" from="2410" to="2411" />
    <span id="t_363" from="2412" to="2424" />
    <span id="t_364" from="2425" to="2431" />
    <span id="t_365" from="2432" to="2435" />
    <span id="t_366" from="2436" to="2439" />
    <span id="t_367" from="2440" to="2443" />
    <span id="t_368" from="2444" to="2454" />
    <span id="t_369" from="2455" to="2462" />
    <span id="t_370" from="2463" to="2466" />
    <span id="t_371" from="2467" to="2476" />
    <span id="t_372" from="2477" to="2490" />
    <span id="t_373" from="2491" to="2494" />
    <span id="t_374" from="2495" to="2504" />
    <span id="t_375" from="2505" to="2511" />
    <span id="t_376" from="2511" to="2512" />
    <span id="t_377" from="2513" to="2515" />
    <span id="t_378" from="2516" to="2522" />
    <span id="t_379" from="2523" to="2526" />
    <span id="t_380" from="2527" to="2529" />
    <span id="t_381" from="2530" to="2539" />
    <span id="t_382" from="2540" to="2558" />
    <span id="t_383" from="2559" to="2563" />
    <span id="t_384" from="2564" to="2566" />
    <span id="t_385" from="2567" to="2572" />
    <span id="t_386" from="2573" to="2577" />
    <span id="t_387" from="2578" to="2581" />
    <span id="t_388" from="2582" to="2592" />
    <span id="t_389" from="2593" to="2599" />
    <span id="t_390" from="2599" to="2600" />
    <span id="t_391" from="2601" to="2603" />
    <span id="t_392" from="2604" to="2607" />
    <span id="t_393" from="2608" to="2610" />
    <span id="t_394" from="2611" to="2614" />
    <span id="t_395" from="2615" to="2623" />
    <span id="t_396" from="2624" to="2627" />
    <span id="t_397" from="2628" to="2640" />
    <span id="t_398" from="2641" to="2649" />
    <span id="t_399" from="2650" to="2652" />
    <span id="t_400" from="2653" to="2658" />
    <span id="t_401" from="2659" to="2671" />
    <span id="t_402" from="2672" to="2684" />
    <span id="t_403" from="2685" to="2690" />
    <span id="t_404" from="2690" to="2691" />
    <span id="t_405" from="2692" to="2696" />
    <span id="t_406" from="2697" to="2700" />
    <span id="t_407" from="2701" to="2711" />
    <span id="t_408" from="2712" to="2715" />
    <span id="t_409" from="2716" to="2719" />
    <span id="t_410" from="2720" to="2724" />
    <span id="t_411" from="2725" to="2733" />
    <span id="t_412" from="2734" to="2751" />
    <span id="t_413" from="2752" to="2757" />
    <span id="t_414" from="2758" to="2765" />
    <span id="t_415" from="2766" to="2769" />
    <span id="t_416" from="2769" to="2770" />
    <span id="t_417" from="2771" to="2776" />
    <span id="t_418" from="2777" to="2780" />
    <span id="t_419" from="2781" to="2784" />
    <span id="t_420" from="2785" to="2804" />
    <span id="t_421" from="2805" to="2808" />
    <span id="t_422" from="2809" to="2815" />
    <span id="t_423" from="2816" to="2821" />
    <span id="t_424" from="2822" to="2826" />
    <span id="t_425" from="2827" to="2836" />
    <span id="t_426" from="2837" to="2841" />
    <span id="t_427" from="2841" to="2842" />
    <span id="t_428" from="2843" to="2850" />
    <span id="t_429" from="2851" to="2862" />
    <span id="t_430" from="2863" to="2866" />
    <span id="t_431" from="2867" to="2870" />
    <span id="t_432" from="2871" to="2876" />
    <span id="t_433" from="2877" to="2890" />
    <span id="t_434" from="2891" to="2894" />
    <span id="t_435" from="2895" to="2900" />
    <span id="t_436" from="2901" to="2910" />
    <span id="t_437" from="2911" to="2916" />
    <span id="t_438" from="2917" to="2943" />
    <span id="t_439" from="2944" to="2947" />
    <span id="t_440" from="2948" to="2962" />
    <span id="t_441" from="2963" to="2972" />
    <span id="t_442" from="2973" to="2985" />
    <span id="t_443" from="2986" to="2989" />
    <span id="t_444" from="2990" to="3000" />
    <span id="t_445" from="3000" to="3001" />
    <span id="t_446" from="3002" to="3005" />
    <span id="t_447" from="3006" to="3023" />
    <span id="t_448" from="3024" to="3030" />
    <span id="t_449" from="3031" to="3037" />
    <span id="t_450" from="3038" to="3045" />
    <span id="t_451" from="3046" to="3049" />
    <span id="t_452" from="3050" to="3063" />
    <span id="t_453" from="3064" to="3075" />
    <span id="t_454" from="3076" to="3094" />
    <span id="t_455" from="3094" to="3095" />
    <span id="t_456" from="3096" to="3098" />
    <span id="t_457" from="3099" to="3104" />
    <span id="t_458" from="3105" to="3108" />
    <span id="t_459" from="3109" to="3120" />
    <span id="t_460" from="3121" to="3124" />
    <span id="t_461" from="3125" to="3132" />
    <span id="t_462" from="3133" to="3143" />
    <span id="t_463" from="3144" to="3151" />
    <span id="t_464" from="3152" to="3157" />
    <span id="t_465" from="3158" to="3161" />
    <span id="t_466" from="3162" to="3169" />
    <span id="t_467" from="3170" to="3174" />
    <span id="t_468" from="3175" to="3181" />
    <span id="t_469" from="3182" to="3191" />
    <span id="t_470" from="3192" to="3198" />
    <span id="t_471" from="3199" to="3205" />
    <span id="t_472" from="3205" to="3206" />
    <span id="t_473" from="3207" to="3210" />
    <span id="t_474" from="3211" to="3219" />
    <span id="t_475" from="3220" to="3233" />
    <span id="t_476" from="3234" to="3235" />
    <span id="t_477" from="3236" to="3239" />
    <span id="t_478" from="3240" to="3243" />
    <span id="t_479" from="3244" to="3253" />
    <span id="t_480" from="3254" to="3258" />
    <span id="t_481" from="3259" to="3262" />
    <span id="t_482" from="3263" to="3277" />
    <span id="t_483" from="3278" to="3285" />
    <span id="t_484" from="3286" to="3291" />
    <span id="t_485" from="3292" to="3300" />
    <span id="t_486" from="3301" to="3308" />
    <span id="t_487" from="3309" to="3315" />
    <span id="t_488" from="3316" to="3317" />
    <span id="t_489" from="3318" to="3322" />
    <span id="t_490" from="3323" to="3327" />
    <span id="t_491" from="3328" to="3338" />
    <span id="t_492" from="3339" to="3342" />
    <span id="t_493" from="3343" to="3354" />
    <span id="t_494" from="3355" to="3361" />
    <span id="t_495" from="3361" to="3362" />
    <span id="t_496" from="3363" to="3366" />
    <span id="t_497" from="3367" to="3372" />
    <span id="t_498" from="3373" to="3377" />
    <span id="t_499" from="3378" to="3382" />
    <span id="t_500" from="3383" to="3398" />
    <span id="t_501" from="3398" to="3399" />
    <span id="t_502" from="3400" to="3404" />
    <span id="t_503" from="3405" to="3408" />
    <span id="t_504" from="3409" to="3424" />
    <span id="t_505" from="3425" to="3428" />
    <span id="t_506" from="3429" to="3432" />
    <span id="t_507" from="3433" to="3442" />
    <span id="t_508" from="3443" to="3446" />
    <span id="t_509" from="3447" to="3453" />
    <span id="t_510" from="3454" to="3458" />
    <span id="t_511" from="3459" to="3462" />
    <span id="t_512" from="3463" to="3475" />
    <span id="t_513" from="3476" to="3491" />
    <span id="t_514" from="3492" to="3502" />
    <span id="t_515" from="3503" to="3508" />
    <span id="t_516" from="3509" to="3514" />
    <span id="t_517" from="3515" to="3522" />
    <span id="t_518" from="3523" to="3527" />
    <span id="t_519" from="3528" to="3531" />
    <span id="t_520" from="3532" to="3535" />
    <span id="t_521" from="3536" to="3539" />
    <span id="t_522" from="3540" to="3548" />
    <span id="t_523" from="3549" to="3554" />
    <span id="t_524" from="3554" to="3555" />
    <span id="t_525" from="3556" to="3559" />
    <span id="t_526" from="3560" to="3562" />
    <span id="t_527" from="3563" to="3569" />
    <span id="t_528" from="3570" to="3579" />
    <span id="t_529" from="3580" to="3583" />
    <span id="t_530" from="3584" to="3592" />
    <span id="t_531" from="3593" to="3598" />
    <span id="t_532" from="3598" to="3599" />
    <span id="t_533" from="3600" to="3602" />
    <span id="t_534" from="3603" to="3609" />
    <span id="t_535" from="3610" to="3613" />
    <span id="t_536" from="3614" to="3622" />
    <span id="t_537" from="3623" to="3633" />
    <span id="t_538" from="3634" to="3646" />
    <span id="t_539" from="3647" to="3650" />
    <span id="t_540" from="3651" to="3662" />
    <span id="t_541" from="3663" to="3673" />
    <span id="t_542" from="3673" to="3674" />
    <span id="t_543" from="3675" to="3678" />
    <span id="t_544" from="3679" to="3688" />
    <span id="t_545" from="3689" to="3694" />
    <span id="t_546" from="3695" to="3698" />
    <span id="t_547" from="3699" to="3701" />
    <span id="t_548" from="3702" to="3705" />
    <span id="t_549" from="3706" to="3713" />
    <span id="t_550" from="3714" to="3724" />
    <span id="t_551" from="3725" to="3728" />
    <span id="t_552" from="3729" to="3744" />
    <span id="t_553" from="3745" to="3762" />
    <span id="t_554" from="3763" to="3775" />
    <span id="t_555" from="3775" to="3776" />
    <span id="t_556" from="3777" to="3779" />
    <span id="t_557" from="3780" to="3783" />
    <span id="t_558" from="3784" to="3796" />
    <span id="t_559" from="3797" to="3803" />
    <span id="t_560" from="3804" to="3807" />
    <span id="t_561" from="3808" to="3816" />
    <span id="t_562" from="3816" to="3817" />
    <span id="t_563" from="3818" to="3822" />
    <span id="t_564" from="3823" to="3825" />
    <span id="t_565" from="3826" to="3829" />
    <span id="t_566" from="3830" to="3842" />
    <span id="t_567" from="3843" to="3848" />
    <span id="t_568" from="3848" to="3849" />
    <span id="t_569" from="3850" to="3852" />
    <span id="t_570" from="3853" to="3855" />
    <span id="t_571" from="3855" to="3856" />
    <span id="t_572" from="3857" to="3861" />
    <span id="t_573" from="3861" to="3862" />
    <span id="t_574" from="3863" to="3866" />
    <span id="t_575" from="3867" to="3874" />
    <span id="t_576" from="3875" to="3878" />
    <span id="t_577" from="3879" to="3893" />
    <span id="t_578" from="3894" to="3911" />
    <span id="t_579" from="3912" to="3914" />
    <span id="t_580" from="3915" to="3921" />
    <span id="t_581" from="3922" to="3930" />
    <span id="t_582" from="3931" to="3937" />
    <span id="t_583" from="3938" to="3942" />
    <span id="t_584" from="3942" to="3943" />
    <span id="t_585" from="3944" to="3947" />
    <span id="t_586" from="3948" to="3954" />
    <span id="t_587" from="3955" to="3960" />
    <span id="t_588" from="3961" to="3973" />
    <span id="t_589" from="3974" to="3979" />
    <span id="t_590" from="3979" to="3980" />
    <span id="t_591" from="3981" to="3984" />
    <span id="t_592" from="3985" to="4000" />
    <span id="t_593" from="4001" to="4004" />
    <span id="t_594" from="4005" to="4014" />
    <span id="t_595" from="4015" to="4023" />
    <span id="t_596" from="4023" to="4024" />
    <span id="t_597" from="4025" to="4028" />
    <span id="t_598" from="4029" to="4046" />
    <span id="t_599" from="4047" to="4052" />
    <span id="t_600" from="4053" to="4056" />
    <span id="t_601" from="4057" to="4060" />
    <span id="t_602" from="4061" to="4069" />
    <span id="t_603" from="4070" to="4073" />
    <span id="t_604" from="4074" to="4083" />
    <span id="t_605" from="4084" to="4092" />
    <span id="t_606" from="4093" to="4110" />
    <span id="t_607" from="4111" to="4117" />
    <span id="t_608" from="4118" to="4129" />
    <span id="t_609" from="4129" to="4130" />
    <span id="t_610" from="4131" to="4136" />
    <span id="t_611" from="4137" to="4142" />
    <span id="t_612" from="4143" to="4146" />
    <span id="t_613" from="4147" to="4158" />
    <span id="t_614" from="4159" to="4176" />
    <span id="t_615" from="4177" to="4180" />
    <span id="t_616" from="4181" to="4185" />
    <span id="t_617" from="4186" to="4193" />
    <span id="t_618" from="4194" to="4203" />
    <span id="t_619" from="4204" to="4212" />
    <span id="t_620" from="4212" to="4213" />
    <span id="t_621" from="4214" to="4223" />
    <span id="t_622" from="4224" to="4231" />
    <span id="t_623" from="4231" to="4232" />
    <span id="t_624" from="4233" to="4237" />
    <span id="t_625" from="4238" to="4244" />
    <span id="t_626" from="4245" to="4254" />
    <span id="t_627" from="4255" to="4258" />
    <span id="t_628" from="4259" to="4262" />
    <span id="t_629" from="4263" to="4269" />
    <span id="t_630" from="4270" to="4273" />
    <span id="t_631" from="4274" to="4287" />
    <span id="t_632" from="4288" to="4292" />
    <span id="t_633" from="4292" to="4293" />
    <span id="t_634" from="4294" to="4296" />
    <span id="t_635" from="4297" to="4300" />
    <span id="t_636" from="4301" to="4304" />
    <span id="t_637" from="4305" to="4310" />
    <span id="t_638" from="4311" to="4319" />
    <span id="t_639" from="4320" to="4323" />
    <span id="t_640" from="4324" to="4327" />
    <span id="t_641" from="4328" to="4331" />
    <span id="t_642" from="4332" to="4338" />
    <span id="t_643" from="4338" to="4339" />
    <span id="t_644" from="4340" to="4343" />
    <span id="t_645" from="4344" to="4347" />
    <span id="t_646" from="4347" to="4348" />
    <span id="t_647" from="4348" to="4352" />
    <span id="t_648" from="4353" to="4362" />
    <span id="t_649" from="4363" to="4371" />
    <span id="t_650" from="4372" to="4376" />
    <span id="t_651" from="4377" to="4387" />
    <span id="t_652" from="4387" to="4388" />
    <span id="t_653" from="4389" to="4392" />
    <span id="t_654" from="4393" to="4402" />
    <span id="t_655" from="4403" to="4405" />
    <span id="t_656" from="4406" to="4410" />
    <span id="t_657" from="4411" to="4421" />
    <span id="t_658" from="4422" to="4437" />
    <span id="t_659" from="4438" to="4440" />
    <span id="t_660" from="4441" to="4448" />
    <span id="t_661" from="4448" to="4449" />
    <span id="t_662" from="4450" to="4453" />
    <span id="t_663" from="4454" to="4458" />
    <span id="t_664" from="4459" to="4470" />
    <span id="t_665" from="4470" to="4471" />
    <span id="t_666" from="4472" to="4475" />
    <span id="t_667" from="4476" to="4494" />
    <span id="t_668" from="4495" to="4512" />
    <span id="t_669" from="4513" to="4520" />
    <span id="t_670" from="4521" to="4524" />
    <span id="t_671" from="4525" to="4528" />
    <span id="t_672" from="4529" to="4533" />
    <span id="t_673" from="4534" to="4537" />
    <span id="t_674" from="4538" to="4543" />
    <span id="t_675" from="4544" to="4549" />
    <span id="t_676" from="4550" to="4553" />
    <span id="t_677" from="4554" to="4557" />
    <span id="t_678" from="4558" to="4567" />
    <span id="t_679" from="4568" to="4571" />
    <span id="t_680" from="4572" to="4582" />
    <span id="t_681" from="4583" to="4586" />
    <span id="t_682" from="4587" to="4592" />
    <span id="t_683" from="4593" to="4596" />
    <span id="t_684" from="4597" to="4603" />
    <span id="t_685" from="4604" to="4609" />
    <span id="t_686" from="4610" to="4613" />
    <span id="t_687" from="4614" to="4617" />
    <span id="t_688" from="4618" to="4628" />
    <span id="t_689" from="4629" to="4639" />
    <span id="t_690" from="4640" to="4643" />
    <span id="t_691" from="4644" to="4647" />
    <span id="t_692" from="4648" to="4653" />
    <span id="t_693" from="4654" to="4663" />
    <span id="t_694" from="4664" to="4671" />
    <span id="t_695" from="4672" to="4680" />
    <span id="t_696" from="4680" to="4681" />
    <span id="t_697" from="4682" to="4687" />
    <span id="t_698" from="4688" to="4693" />
    <span id="t_699" from="4693" to="4694" />
    <span id="t_700" from="4695" to="4696" />
    <span id="t_701" from="4696" to="4703" />
    <span id="t_702" from="4704" to="4708" />
    <span id="t_703" from="4709" to="4716" />
    <span id="t_704" from="4717" to="4719" />
    <span id="t_705" from="4719" to="4720" />
    <span id="t_706" from="4720" to="4723" />
    <span id="t_707" from="4724" to="4730" />
    <span id="t_708" from="4731" to="4734" />
    <span id="t_709" from="4735" to="4738" />
    <span id="t_710" from="4739" to="4742" />
    <span id="t_711" from="4743" to="4746" />
    <span id="t_712" from="4746" to="4747" />
    <span id="t_713" from="4748" to="4749" />
    <span id="t_714" from="4749" to="4756" />
    <span id="t_715" from="4757" to="4761" />
    <span id="t_716" from="4762" to="4769" />
    <span id="t_717" from="4770" to="4772" />
    <span id="t_718" from="4772" to="4773" />
    <span id="t_719" from="4773" to="4776" />
    <span id="t_720" from="4777" to="4783" />
    <span id="t_721" from="4784" to="4787" />
    <span id="t_722" from="4788" to="4791" />
    <span id="t_723" from="4792" to="4795" />
    <span id="t_724" from="4796" to="4799" />
    <span id="t_725" from="4799" to="4800" />
  </spanList>
</layer>