<?xml version="1.0" encoding="UTF-8"?>
<?xml-model href="header.rng" type="application/xml" schematypens="http://relaxng.org/ns/structure/1.0"?>
<!DOCTYPE idsCorpus PUBLIC "-//IDS//DTD IDS-XCES 1.0//EN" "http://corpora.ids-mannheim.de/idsxces1/DTD/ids.xcesdoc.dtd">
<idsHeader type="text" pattern="text" status="new" version="1.0" TEIform="teiHeader">
    <fileDesc>
     <titleStmt>
      <textSigle>WPD15/A00.00081</textSigle>
      <t.title assemblage="external">WPD15/A00.00081: Anime, In: Wikipedia - URL:http://de.wikipedia.org/wiki/Anime: Wikipedia, 2015</t.title>
     </titleStmt>
     <editionStmt version="0"/>
     <publicationStmt>
      <distributor/>
      <pubAddress/>
      <availability region="world" Default="n" status="unknown">CC-BY-SA</availability>
      <pubDate/>
     </publicationStmt>
     <sourceDesc Default="n">
      <biblStruct Default="n" status="draft">
       <analytic>
        <h.title type="main">Anime</h.title>
        <h.title type="sub"/>
        <h.title type="abbr" level="m"/>
        <h.title type="abbr" level="a"/>
        <h.author>Mps, u.a.</h.author>
        <editor/>
        <imprint/>
        <biblScope type="subsume"/>
        <biblScope type="pp"/>
        <biblNote n="1"/>
       </analytic>
       <monogr>
        <h.title type="main"/>
        <editor>wikipedia.org</editor>
        <edition>
         <further> Dump file "dewiki-20150501-pages-meta-current.xml" retrieved from http://dumps.wikimedia.org </further>
         <kind/>
         <appearance/>
        </edition>
        <imprint>
         <pubDate type="year">2015</pubDate>
         <pubDate type="month">05</pubDate>
         <pubDate type="day">01</pubDate>
        </imprint>
        <biblScope type="vol"/>
        <biblScope type="volume-title"/>
       </monogr>
       <relatedItem type="langlink">
        <ref target="https://hi.wikipedia.org/wiki/ऐनिमे" xml:lang="hi">ऐनिमे</ref>
       </relatedItem>
       <relatedItem type="langlink">
        <ref target="https://pt.wikipedia.org/wiki/Anime" xml:lang="pt">Anime</ref>
       </relatedItem>
       <relatedItem type="langlink">
        <ref target="https://hr.wikipedia.org/wiki/Anime" xml:lang="hr">Anime</ref>
       </relatedItem>
       <relatedItem type="langlink">
        <ref target="https://hu.wikipedia.org/wiki/Anime" xml:lang="hu">Anime</ref>
       </relatedItem>
       <relatedItem type="langlink">
        <ref target="https://yi.wikipedia.org/wiki/אנימע" xml:lang="yi">אנימע</ref>
       </relatedItem>
       <relatedItem type="langlink">
        <ref target="https://hy.wikipedia.org/wiki/Անիմե" xml:lang="hy">Անիմե</ref>
       </relatedItem>
       <relatedItem type="langlink">
        <ref target="https://bar.wikipedia.org/wiki/Anime" xml:lang="bar">Anime</ref>
       </relatedItem>
       <relatedItem type="langlink">
        <ref target="https://nah.wikipedia.org/wiki/Anime" xml:lang="nah">Anime</ref>
       </relatedItem>
       <relatedItem type="langlink">
        <ref target="https://yo.wikipedia.org/wiki/Anime" xml:lang="yo">Anime</ref>
       </relatedItem>
       <relatedItem type="langlink">
        <ref target="https://pms.wikipedia.org/wiki/Anime" xml:lang="pms">Anime</ref>
       </relatedItem>
       <relatedItem type="langlink">
        <ref target="https://id.wikipedia.org/wiki/Anime" xml:lang="id">Anime</ref>
       </relatedItem>
       <relatedItem type="langlink">
        <ref target="https://nap.wikipedia.org/wiki/Anime" xml:lang="nap">Anime</ref>
       </relatedItem>
       <relatedItem type="langlink">
        <ref target="https://sco.wikipedia.org/wiki/Anime" xml:lang="sco">Anime</ref>
       </relatedItem>
       <relatedItem type="langlink">
        <ref target="https://qu.wikipedia.org/wiki/Anime" xml:lang="qu">Anime</ref>
       </relatedItem>
       <relatedItem type="langlink">
        <ref target="https://pnb.wikipedia.org/wiki/انائم" xml:lang="pnb">انائم</ref>
       </relatedItem>
       <relatedItem type="langlink">
        <ref target="https://is.wikipedia.org/wiki/Anime" xml:lang="is">Anime</ref>
       </relatedItem>
       <relatedItem type="langlink">
        <ref target="https://it.wikipedia.org/wiki/Anime" xml:lang="it">Anime</ref>
       </relatedItem>
       <relatedItem type="langlink">
        <ref target="https://am.wikipedia.org/wiki/አኒሜ" xml:lang="am">አኒሜ</ref>
       </relatedItem>
       <relatedItem type="langlink">
        <ref target="https://an.wikipedia.org/wiki/Anime" xml:lang="an">Anime</ref>
       </relatedItem>
       <relatedItem type="langlink">
        <ref target="https://zh.wikipedia.org/wiki/日本动画" xml:lang="zh">日本动画</ref>
       </relatedItem>
       <relatedItem type="langlink">
        <ref target="https://ar.wikipedia.org/wiki/أنمي" xml:lang="ar">أنمي</ref>
       </relatedItem>
       <relatedItem type="langlink">
        <ref target="https://ja.wikipedia.org/wiki/アニメ" xml:lang="ja">アニメ</ref>
       </relatedItem>
       <relatedItem type="langlink">
        <ref target="https://az.wikipedia.org/wiki/Anime" xml:lang="az">Anime</ref>
       </relatedItem>
       <relatedItem type="langlink">
        <ref target="https://ro.wikipedia.org/wiki/Anime" xml:lang="ro">Anime</ref>
       </relatedItem>
       <relatedItem type="langlink">
        <ref target="https://be.wikipedia.org/wiki/Анімэ" xml:lang="be">Анімэ</ref>
       </relatedItem>
       <relatedItem type="langlink">
        <ref target="https://ru.wikipedia.org/wiki/Аниме" xml:lang="ru">Аниме</ref>
       </relatedItem>
       <relatedItem type="langlink">
        <ref target="https://bg.wikipedia.org/wiki/Аниме" xml:lang="bg">Аниме</ref>
       </relatedItem>
       <relatedItem type="langlink">
        <ref target="https://bn.wikipedia.org/wiki/আনিমে" xml:lang="bn">আনিমে</ref>
       </relatedItem>
       <relatedItem type="langlink">
        <ref target="https://jv.wikipedia.org/wiki/Anime" xml:lang="jv">Anime</ref>
       </relatedItem>
       <relatedItem type="langlink">
        <ref target="https://br.wikipedia.org/wiki/Anime" xml:lang="br">Anime</ref>
       </relatedItem>
       <relatedItem type="langlink">
        <ref target="https://sc.wikipedia.org/wiki/Anime" xml:lang="sc">Anime</ref>
       </relatedItem>
       <relatedItem type="langlink">
        <ref target="https://bs.wikipedia.org/wiki/Anime" xml:lang="bs">Anime</ref>
       </relatedItem>
       <relatedItem type="langlink">
        <ref target="https://sh.wikipedia.org/wiki/Anime" xml:lang="sh">Anime</ref>
       </relatedItem>
       <relatedItem type="langlink">
        <ref target="https://zh-yue.wikipedia.org/wiki/日本動畫" xml:lang="zh-yue">日本動畫</ref>
       </relatedItem>
       <relatedItem type="langlink">
        <ref target="https://ka.wikipedia.org/wiki/ანიმე" xml:lang="ka">ანიმე</ref>
       </relatedItem>
       <relatedItem type="langlink">
        <ref target="https://sk.wikipedia.org/wiki/Anime" xml:lang="sk">Anime</ref>
       </relatedItem>
       <relatedItem type="langlink">
        <ref target="https://sl.wikipedia.org/wiki/Anime" xml:lang="sl">Anime</ref>
       </relatedItem>
       <relatedItem type="langlink">
        <ref target="https://ca.wikipedia.org/wiki/Anime" xml:lang="ca">Anime</ref>
       </relatedItem>
       <relatedItem type="langlink">
        <ref target="https://sq.wikipedia.org/wiki/Anime" xml:lang="sq">Anime</ref>
       </relatedItem>
       <relatedItem type="langlink">
        <ref target="https://sr.wikipedia.org/wiki/Аниме" xml:lang="sr">Аниме</ref>
       </relatedItem>
       <relatedItem type="langlink">
        <ref target="https://kk.wikipedia.org/wiki/Аниме" xml:lang="kk">Аниме</ref>
       </relatedItem>
       <relatedItem type="langlink">
        <ref target="https://sv.wikipedia.org/wiki/Anime" xml:lang="sv">Anime</ref>
       </relatedItem>
       <relatedItem type="langlink">
        <ref target="https://ko.wikipedia.org/wiki/일본의_애니메이션" xml:lang="ko">일본의 애니메이션</ref>
       </relatedItem>
       <relatedItem type="langlink">
        <ref target="https://sw.wikipedia.org/wiki/Anime" xml:lang="sw">Anime</ref>
       </relatedItem>
       <relatedItem type="langlink">
        <ref target="https://ta.wikipedia.org/wiki/அனிமே" xml:lang="ta">அனிமே</ref>
       </relatedItem>
       <relatedItem type="langlink">
        <ref target="https://ky.wikipedia.org/wiki/Аниме" xml:lang="ky">Аниме</ref>
       </relatedItem>
       <relatedItem type="langlink">
        <ref target="https://cs.wikipedia.org/wiki/Anime" xml:lang="cs">Anime</ref>
       </relatedItem>
       <relatedItem type="langlink">
        <ref target="https://cv.wikipedia.org/wiki/Аниме" xml:lang="cv">Аниме</ref>
       </relatedItem>
       <relatedItem type="langlink">
        <ref target="https://tg.wikipedia.org/wiki/Аниме" xml:lang="tg">Аниме</ref>
       </relatedItem>
       <relatedItem type="langlink">
        <ref target="https://th.wikipedia.org/wiki/อะนิเมะ" xml:lang="th">อะนิเมะ</ref>
       </relatedItem>
       <relatedItem type="langlink">
        <ref target="https://la.wikipedia.org/wiki/Anime" xml:lang="la">Anime</ref>
       </relatedItem>
       <relatedItem type="langlink">
        <ref target="https://cy.wikipedia.org/wiki/Anime" xml:lang="cy">Anime</ref>
       </relatedItem>
       <relatedItem type="langlink">
        <ref target="https://lb.wikipedia.org/wiki/Anime" xml:lang="lb">Anime</ref>
       </relatedItem>
       <relatedItem type="langlink">
        <ref target="https://tk.wikipedia.org/wiki/Anime" xml:lang="tk">Anime</ref>
       </relatedItem>
       <relatedItem type="langlink">
        <ref target="https://tl.wikipedia.org/wiki/Anime" xml:lang="tl">Anime</ref>
       </relatedItem>
       <relatedItem type="langlink">
        <ref target="https://da.wikipedia.org/wiki/Anime" xml:lang="da">Anime</ref>
       </relatedItem>
       <relatedItem type="langlink">
        <ref target="https://tr.wikipedia.org/wiki/Anime" xml:lang="tr">Anime</ref>
       </relatedItem>
       <relatedItem type="langlink">
        <ref target="https://tt.wikipedia.org/wiki/Аниме" xml:lang="tt">Аниме</ref>
       </relatedItem>
       <relatedItem type="langlink">
        <ref target="https://ast.wikipedia.org/wiki/Anime" xml:lang="ast">Anime</ref>
       </relatedItem>
       <relatedItem type="langlink">
        <ref target="https://lt.wikipedia.org/wiki/Anime" xml:lang="lt">Anime</ref>
       </relatedItem>
       <relatedItem type="langlink">
        <ref target="https://lv.wikipedia.org/wiki/Anime" xml:lang="lv">Anime</ref>
       </relatedItem>
       <relatedItem type="langlink">
        <ref target="https://simple.wikipedia.org/wiki/Anime" xml:lang="simple">Anime</ref>
       </relatedItem>
       <relatedItem type="langlink">
        <ref target="https://uk.wikipedia.org/wiki/Аніме" xml:lang="uk">Аніме</ref>
       </relatedItem>
       <relatedItem type="langlink">
        <ref target="https://ur.wikipedia.org/wiki/اینیمے" xml:lang="ur">اینیمے</ref>
       </relatedItem>
       <relatedItem type="langlink">
        <ref target="https://mk.wikipedia.org/wiki/Аниме" xml:lang="mk">Аниме</ref>
       </relatedItem>
       <relatedItem type="langlink">
        <ref target="https://ml.wikipedia.org/wiki/അനിമെ" xml:lang="ml">അനിമെ</ref>
       </relatedItem>
       <relatedItem type="langlink">
        <ref target="https://mn.wikipedia.org/wiki/Анимэ" xml:lang="mn">Анимэ</ref>
       </relatedItem>
       <relatedItem type="langlink">
        <ref target="https://mr.wikipedia.org/wiki/अॅनिमे" xml:lang="mr">अॅनिमे</ref>
       </relatedItem>
       <relatedItem type="langlink">
        <ref target="https://uz.wikipedia.org/wiki/Anime" xml:lang="uz">Anime</ref>
       </relatedItem>
       <relatedItem type="langlink">
        <ref target="https://ms.wikipedia.org/wiki/Anime" xml:lang="ms">Anime</ref>
       </relatedItem>
       <relatedItem type="langlink">
        <ref target="https://el.wikipedia.org/wiki/Άνιμε" xml:lang="el">Άνιμε</ref>
       </relatedItem>
       <relatedItem type="langlink">
        <ref target="https://als.wikipedia.org/wiki/Anime" xml:lang="als">Anime</ref>
       </relatedItem>
       <relatedItem type="langlink">
        <ref target="https://en.wikipedia.org/wiki/Anime" xml:lang="en">Anime</ref>
       </relatedItem>
       <relatedItem type="langlink">
        <ref target="https://eo.wikipedia.org/wiki/Animeo" xml:lang="eo">Animeo</ref>
       </relatedItem>
       <relatedItem type="langlink">
        <ref target="https://my.wikipedia.org/wiki/အန်နီမဲ" xml:lang="my">အန်နီမဲ</ref>
       </relatedItem>
       <relatedItem type="langlink">
        <ref target="https://ilo.wikipedia.org/wiki/Anime" xml:lang="ilo">Anime</ref>
       </relatedItem>
       <relatedItem type="langlink">
        <ref target="https://es.wikipedia.org/wiki/Anime" xml:lang="es">Anime</ref>
       </relatedItem>
       <relatedItem type="langlink">
        <ref target="https://et.wikipedia.org/wiki/Anime" xml:lang="et">Anime</ref>
       </relatedItem>
       <relatedItem type="langlink">
        <ref target="https://eu.wikipedia.org/wiki/Anime" xml:lang="eu">Anime</ref>
       </relatedItem>
       <relatedItem type="langlink">
        <ref target="https://vi.wikipedia.org/wiki/Anime" xml:lang="vi">Anime</ref>
       </relatedItem>
       <relatedItem type="langlink">
        <ref target="https://bat-smg.wikipedia.org/wiki/Anime" xml:lang="bat-smg">Anime</ref>
       </relatedItem>
       <relatedItem type="langlink">
        <ref target="https://fa.wikipedia.org/wiki/انیمه" xml:lang="fa">انیمه</ref>
       </relatedItem>
       <relatedItem type="langlink">
        <ref target="https://nl.wikipedia.org/wiki/Anime" xml:lang="nl">Anime</ref>
       </relatedItem>
       <relatedItem type="langlink">
        <ref target="https://udm.wikipedia.org/wiki/Аниме" xml:lang="udm">Аниме</ref>
       </relatedItem>
       <relatedItem type="langlink">
        <ref target="https://nn.wikipedia.org/wiki/Anime" xml:lang="nn">Anime</ref>
       </relatedItem>
       <relatedItem type="langlink">
        <ref target="https://no.wikipedia.org/wiki/Anime" xml:lang="no">Anime</ref>
       </relatedItem>
       <relatedItem type="langlink">
        <ref target="https://fi.wikipedia.org/wiki/Anime" xml:lang="fi">Anime</ref>
       </relatedItem>
       <relatedItem type="langlink">
        <ref target="https://be-x-old.wikipedia.org/wiki/Анімэ" xml:lang="be-x-old">Анімэ</ref>
       </relatedItem>
       <relatedItem type="langlink">
        <ref target="https://fr.wikipedia.org/wiki/Anime" xml:lang="fr">Anime</ref>
       </relatedItem>
       <relatedItem type="langlink">
        <ref target="https://oc.wikipedia.org/wiki/Anime" xml:lang="oc">Anime</ref>
       </relatedItem>
       <relatedItem type="langlink">
        <ref target="https://sah.wikipedia.org/wiki/Аниме" xml:lang="sah">Аниме</ref>
       </relatedItem>
       <relatedItem type="langlink">
        <ref target="https://szl.wikipedia.org/wiki/Anime" xml:lang="szl">Anime</ref>
       </relatedItem>
       <relatedItem type="langlink">
        <ref target="https://gl.wikipedia.org/wiki/Anime" xml:lang="gl">Anime</ref>
       </relatedItem>
       <relatedItem type="langlink">
        <ref target="https://war.wikipedia.org/wiki/Anime" xml:lang="war">Anime</ref>
       </relatedItem>
       <relatedItem type="langlink">
        <ref target="https://pa.wikipedia.org/wiki/﻿ਐਨੀਮੇ" xml:lang="pa">﻿ਐਨੀਮੇ</ref>
       </relatedItem>
       <relatedItem type="langlink">
        <ref target="https://ckb.wikipedia.org/wiki/ئەنیمی" xml:lang="ckb">ئەنیمی</ref>
       </relatedItem>
       <relatedItem type="langlink">
        <ref target="https://pl.wikipedia.org/wiki/Anime" xml:lang="pl">Anime</ref>
       </relatedItem>
       <relatedItem type="langlink">
        <ref target="https://he.wikipedia.org/wiki/אנימה_(הנפשה)" xml:lang="he">אנימה (הנפשה)</ref>
       </relatedItem>
      </biblStruct>
      <reference type="complete" assemblage="non-automatic">WPD15/A00.00081: Anime, In: Wikipedia - URL:http://de.wikipedia.org/wiki/Anime: Wikipedia, 2015</reference>
      <reference type="short" assemblage="regular">WPD15/A00.00081 Wikipedia; Anime, (Letzte Änderung 10.4.2015 ) 1.5.2015</reference>
     </sourceDesc>
    </fileDesc>
    <encodingDesc>
     <samplingDecl Default="n"/>
     <editorialDecl Default="n">
      <pagination type="no"/>
     </editorialDecl>
    </encodingDesc>
    <profileDesc>
     <creation>
      <creatDate>2015.04.10</creatDate>
      <creatRef>(Letzte Änderung 10.4.2015)</creatRef>
      <creatRefShort>(Letzte Änderung 10.4.2015)</creatRefShort>
     </creation>
     <textDesc Default="n">
      <textTypeArt>Enzyklopädie-Artikel</textTypeArt>
      <textDomain/>
     </textDesc>
    </profileDesc>
   </idsHeader>