<?xml version="1.0" encoding="UTF-8"?>
<?xml-model href="span.rng" type="application/xml" schematypens="http://relaxng.org/ns/structure/1.0"?>

<layer docid="WPD15_A00.00081" xmlns="http://ids-mannheim.de/ns/KorAP" version="KorAP-0.4">
  <spanList>
    <span from="0" to="0" />
    <span from="0" to="503" />
    <span from="521" to="1270" />
    <span from="1271" to="1590" />
    <span from="1591" to="1626" />
    <span from="3930" to="4849" />
    <span from="4873" to="5116" />
    <span from="5127" to="5704" />
    <span from="5705" to="8665" />
    <span from="8666" to="9284" />
    <span from="9285" to="10241" />
    <span from="10276" to="10638" />
    <span from="10639" to="11211" />
    <span from="11218" to="11701" />
    <span from="11702" to="12411" />
    <span from="12412" to="12924" />
    <span from="12948" to="13532" />
    <span from="13533" to="13564" />
    <span from="14727" to="15207" />
    <span from="15253" to="15790" />
    <span from="15820" to="16355" />
    <span from="16356" to="17602" />
    <span from="17603" to="17703" />
    <span from="17705" to="17704" />
    <span from="17705" to="18317" />
    <span from="18318" to="18954" />
    <span from="18955" to="19676" />
    <span from="19708" to="20674" />
    <span from="20675" to="21273" />
    <span from="21274" to="21853" />
    <span from="21854" to="22452" />
    <span from="22453" to="22668" />
    <span from="22701" to="22919" />
    <span from="22920" to="23106" />
    <span from="23107" to="23257" />
    <span from="23268" to="24633" />
    <span from="24634" to="25445" />
    <span from="25458" to="25457" />
  </spanList>
</layer>