<?xml version="1.0" encoding="UTF-8"?>
<?xml-model href="span.rng" type="application/xml" schematypens="http://relaxng.org/ns/structure/1.0"?>

<layer docid="WPD15_A00.00081" xmlns="http://ids-mannheim.de/ns/KorAP" version="KorAP-0.4">
  <spanList>
    <span from="0" to="317" />
    <span from="318" to="447" />
    <span from="448" to="503" />
    <span from="504" to="520" />
    <span from="521" to="597" />
    <span from="598" to="630" />
    <span from="631" to="755" />
    <span from="756" to="843" />
    <span from="844" to="893" />
    <span from="894" to="1053" />
    <span from="1054" to="1164" />
    <span from="1165" to="1270" />
    <span from="1271" to="1454" />
    <span from="1455" to="1590" />
    <span from="1591" to="1626" />
    <span from="1627" to="1745" />
    <span from="1746" to="1863" />
    <span from="1864" to="1967" />
    <span from="1968" to="2159" />
    <span from="2160" to="2204" />
    <span from="2205" to="2327" />
    <span from="2328" to="2428" />
    <span from="2429" to="2475" />
    <span from="2476" to="2557" />
    <span from="2558" to="2608" />
    <span from="2609" to="2727" />
    <span from="2728" to="2787" />
    <span from="2788" to="2882" />
    <span from="2883" to="2971" />
    <span from="2972" to="3077" />
    <span from="3078" to="3170" />
    <span from="3171" to="3305" />
    <span from="3306" to="3447" />
    <span from="3448" to="3601" />
    <span from="3602" to="3677" />
    <span from="3678" to="3701" />
    <span from="3702" to="3814" />
    <span from="3815" to="3886" />
    <span from="3887" to="3914" />
    <span from="3915" to="3929" />
    <span from="3930" to="4346" />
    <span from="4347" to="4487" />
    <span from="4488" to="4632" />
    <span from="4633" to="4849" />
    <span from="4850" to="4872" />
    <span from="4873" to="5006" />
    <span from="5007" to="5116" />
    <span from="5117" to="5126" />
    <span from="5127" to="5328" />
    <span from="5329" to="5399" />
    <span from="5400" to="5438" />
    <span from="5439" to="5543" />
    <span from="5544" to="5704" />
    <span from="5705" to="5776" />
    <span from="5777" to="5867" />
    <span from="5868" to="5986" />
    <span from="5987" to="6579" />
    <span from="6580" to="6701" />
    <span from="6702" to="6789" />
    <span from="6790" to="8214" />
    <span from="8215" to="8310" />
    <span from="8311" to="8665" />
    <span from="8666" to="8942" />
    <span from="8943" to="9284" />
    <span from="9285" to="9381" />
    <span from="9382" to="9449" />
    <span from="9450" to="9482" />
    <span from="9483" to="9680" />
    <span from="9681" to="10241" />
    <span from="10242" to="10275" />
    <span from="10276" to="10375" />
    <span from="10376" to="10466" />
    <span from="10467" to="10638" />
    <span from="10639" to="10784" />
    <span from="10785" to="11072" />
    <span from="11073" to="11211" />
    <span from="11212" to="11217" />
    <span from="11218" to="11304" />
    <span from="11305" to="11430" />
    <span from="11431" to="11524" />
    <span from="11525" to="11601" />
    <span from="11602" to="11645" />
    <span from="11646" to="11701" />
    <span from="11702" to="11845" />
    <span from="11846" to="11891" />
    <span from="11892" to="12027" />
    <span from="12028" to="12182" />
    <span from="12183" to="12350" />
    <span from="12351" to="12411" />
    <span from="12412" to="12548" />
    <span from="12549" to="12759" />
    <span from="12760" to="12924" />
    <span from="12925" to="12947" />
    <span from="12948" to="13091" />
    <span from="13092" to="13181" />
    <span from="13182" to="13276" />
    <span from="13277" to="13532" />
    <span from="13533" to="13564" />
    <span from="13565" to="13608" />
    <span from="13609" to="13689" />
    <span from="13690" to="13785" />
    <span from="13786" to="13884" />
    <span from="13885" to="13966" />
    <span from="13967" to="14055" />
    <span from="14056" to="14127" />
    <span from="14128" to="14203" />
    <span from="14204" to="14339" />
    <span from="14340" to="14442" />
    <span from="14443" to="14514" />
    <span from="14515" to="14599" />
    <span from="14600" to="14680" />
    <span from="14681" to="14726" />
    <span from="14727" to="14879" />
    <span from="14880" to="15063" />
    <span from="15064" to="15207" />
    <span from="15208" to="15228" />
    <span from="15229" to="15252" />
    <span from="15253" to="15439" />
    <span from="15440" to="15695" />
    <span from="15696" to="15790" />
    <span from="15791" to="15819" />
    <span from="15820" to="16035" />
    <span from="16036" to="16152" />
    <span from="16153" to="16355" />
    <span from="16356" to="16626" />
    <span from="16627" to="16722" />
    <span from="16723" to="16904" />
    <span from="16905" to="17263" />
    <span from="17264" to="17302" />
    <span from="17303" to="17475" />
    <span from="17476" to="17602" />
    <span from="17603" to="17703" />
    <span from="17705" to="17705" />
    <span from="17705" to="17794" />
    <span from="17795" to="17941" />
    <span from="17942" to="18162" />
    <span from="18163" to="18317" />
    <span from="18318" to="18445" />
    <span from="18446" to="18664" />
    <span from="18665" to="18858" />
    <span from="18859" to="18954" />
    <span from="18955" to="19029" />
    <span from="19030" to="19284" />
    <span from="19285" to="19424" />
    <span from="19425" to="19676" />
    <span from="19677" to="19707" />
    <span from="19708" to="19979" />
    <span from="19980" to="20040" />
    <span from="20041" to="20194" />
    <span from="20195" to="20674" />
    <span from="20675" to="20857" />
    <span from="20858" to="21017" />
    <span from="21018" to="21273" />
    <span from="21274" to="21470" />
    <span from="21471" to="21801" />
    <span from="21802" to="21853" />
    <span from="21854" to="22100" />
    <span from="22101" to="22182" />
    <span from="22183" to="22452" />
    <span from="22453" to="22503" />
    <span from="22504" to="22668" />
    <span from="22669" to="22700" />
    <span from="22701" to="22826" />
    <span from="22827" to="22919" />
    <span from="22920" to="23056" />
    <span from="23057" to="23106" />
    <span from="23107" to="23257" />
    <span from="23258" to="23267" />
    <span from="23268" to="23387" />
    <span from="23388" to="23442" />
    <span from="23443" to="23565" />
    <span from="23566" to="23838" />
    <span from="23839" to="23918" />
    <span from="23919" to="24113" />
    <span from="24114" to="24243" />
    <span from="24244" to="24291" />
    <span from="24292" to="24564" />
    <span from="24565" to="24589" />
    <span from="24590" to="24612" />
    <span from="24613" to="24633" />
    <span from="24634" to="24735" />
    <span from="24736" to="24894" />
    <span from="24895" to="24993" />
    <span from="24994" to="25062" />
    <span from="25063" to="25155" />
    <span from="25156" to="25232" />
    <span from="25233" to="25445" />
    <span from="25446" to="25456" />
    <span from="25458" to="25458" />
    <span from="25458" to="25479" />
    <span from="25480" to="25501" />
    <span from="25502" to="25527" />
    <span from="25528" to="25537" />
    <span from="25538" to="25640" />
    <span from="25641" to="25671" />
    <span from="25672" to="25780" />
    <span from="25781" to="25800" />
    <span from="25801" to="25831" />
    <span from="25832" to="25884" />
    <span from="25885" to="25889" />
    <span from="25890" to="25900" />
    <span from="25901" to="25922" />
    <span from="25923" to="25924" />
    <span from="25925" to="25944" />
    <span from="25945" to="25975" />
    <span from="25976" to="26129" />
    <span from="26130" to="26153" />
  </spanList>
</layer>