<?xml version="1.0" encoding="UTF-8"?>
<?xml-model href="span.rng" type="application/xml" schematypens="http://relaxng.org/ns/structure/1.0"?>

<layer docid="REI_BNG.00071" xmlns="http://ids-mannheim.de/ns/KorAP" version="KorAP-0.4">
  <spanList>
    <span from="0" to="48" />
    <span from="49" to="61" />
    <span from="62" to="173" />
    <span from="174" to="233" />
    <span from="234" to="293" />
    <span from="294" to="344" />
    <span from="345" to="418" />
    <span from="419" to="775" />
    <span from="776" to="896" />
    <span from="897" to="940" />
    <span from="941" to="966" />
    <span from="967" to="1390" />
    <span from="1391" to="1410" />
    <span from="1411" to="1684" />
    <span from="1685" to="1828" />
    <span from="1829" to="1988" />
    <span from="1989" to="2005" />
    <span from="2006" to="2031" />
    <span from="2032" to="2207" />
    <span from="2208" to="2500" />
    <span from="2501" to="2618" />
    <span from="2619" to="2663" />
    <span from="2664" to="2810" />
    <span from="2811" to="2868" />
    <span from="2869" to="3246" />
    <span from="3247" to="3646" />
    <span from="3647" to="3704" />
    <span from="3705" to="3738" />
    <span from="3739" to="3763" />
    <span from="3764" to="3836" />
    <span from="3837" to="4016" />
    <span from="4017" to="4078" />
    <span from="4079" to="4120" />
    <span from="4121" to="4291" />
    <span from="4292" to="4336" />
    <span from="4337" to="4658" />
    <span from="4659" to="4722" />
    <span from="4723" to="4805" />
    <span from="4806" to="4844" />
    <span from="4845" to="4922" />
    <span from="4923" to="4987" />
    <span from="4988" to="5140" />
    <span from="5141" to="5168" />
    <span from="5169" to="5253" />
    <span from="5254" to="5346" />
    <span from="5347" to="5426" />
    <span from="5427" to="5498" />
    <span from="5499" to="5531" />
    <span from="5532" to="5597" />
    <span from="5598" to="5610" />
    <span from="5611" to="5658" />
    <span from="5659" to="5676" />
    <span from="5677" to="5720" />
    <span from="5721" to="5797" />
    <span from="5798" to="5849" />
    <span from="5850" to="5902" />
    <span from="5903" to="6057" />
    <span from="6058" to="6125" />
    <span from="6126" to="6178" />
    <span from="6179" to="6226" />
    <span from="6227" to="6287" />
    <span from="6288" to="6329" />
    <span from="6330" to="6335" />
    <span from="6336" to="6393" />
    <span from="6394" to="6458" />
    <span from="6459" to="6521" />
    <span from="6522" to="6616" />
    <span from="6617" to="6684" />
    <span from="6685" to="6740" />
    <span from="6741" to="6784" />
    <span from="6785" to="6832" />
    <span from="6833" to="6896" />
    <span from="6897" to="7008" />
  </spanList>
</layer>