<?xml version="1.0" encoding="UTF-8"?>
<?xml-model href="span.rng" type="application/xml" schematypens="http://relaxng.org/ns/structure/1.0"?>

<layer docid="REI_BNG.00071" xmlns="http://ids-mannheim.de/ns/KorAP" version="KorAP-0.4">
  <spanList>
    <span id="t_0" from="0" to="9" />
    <span id="t_1" from="10" to="16" />
    <span id="t_2" from="16" to="17" />
    <span id="t_3" from="18" to="26" />
    <span id="t_4" from="27" to="33" />
    <span id="t_5" from="34" to="48" />
    <span id="t_6" from="49" to="50" />
    <span id="t_7" from="50" to="51" />
    <span id="t_8" from="52" to="56" />
    <span id="t_9" from="57" to="61" />
    <span id="t_10" from="62" to="77" />
    <span id="t_11" from="78" to="83" />
    <span id="t_12" from="84" to="89" />
    <span id="t_13" from="89" to="90" />
    <span id="t_14" from="91" to="94" />
    <span id="t_15" from="95" to="99" />
    <span id="t_16" from="100" to="103" />
    <span id="t_17" from="104" to="107" />
    <span id="t_18" from="108" to="116" />
    <span id="t_19" from="117" to="126" />
    <span id="t_20" from="127" to="133" />
    <span id="t_21" from="134" to="137" />
    <span id="t_22" from="138" to="141" />
    <span id="t_23" from="142" to="150" />
    <span id="t_24" from="151" to="158" />
    <span id="t_25" from="159" to="161" />
    <span id="t_26" from="161" to="162" />
    <span id="t_27" from="162" to="165" />
    <span id="t_28" from="166" to="172" />
    <span id="t_29" from="172" to="173" />
    <span id="t_30" from="174" to="183" />
    <span id="t_31" from="184" to="190" />
    <span id="t_32" from="191" to="192" />
    <span id="t_33" from="192" to="199" />
    <span id="t_34" from="200" to="202" />
    <span id="t_35" from="202" to="203" />
    <span id="t_36" from="203" to="206" />
    <span id="t_37" from="207" to="213" />
    <span id="t_38" from="213" to="214" />
    <span id="t_39" from="214" to="215" />
    <span id="t_40" from="216" to="220" />
    <span id="t_41" from="221" to="232" />
    <span id="t_42" from="232" to="233" />
    <span id="t_43" from="234" to="242" />
    <span id="t_44" from="243" to="247" />
    <span id="t_45" from="248" to="252" />
    <span id="t_46" from="253" to="258" />
    <span id="t_47" from="259" to="267" />
    <span id="t_48" from="268" to="279" />
    <span id="t_49" from="280" to="283" />
    <span id="t_50" from="284" to="292" />
    <span id="t_51" from="292" to="293" />
    <span id="t_52" from="294" to="295" />
    <span id="t_53" from="296" to="300" />
    <span id="t_54" from="301" to="307" />
    <span id="t_55" from="307" to="308" />
    <span id="t_56" from="309" to="311" />
    <span id="t_57" from="312" to="315" />
    <span id="t_58" from="316" to="324" />
    <span id="t_59" from="325" to="329" />
    <span id="t_60" from="330" to="332" />
    <span id="t_61" from="333" to="336" />
    <span id="t_62" from="337" to="343" />
    <span id="t_63" from="343" to="344" />
    <span id="t_64" from="345" to="348" />
    <span id="t_65" from="349" to="353" />
    <span id="t_66" from="354" to="363" />
    <span id="t_67" from="364" to="367" />
    <span id="t_68" from="368" to="376" />
    <span id="t_69" from="376" to="377" />
    <span id="t_70" from="378" to="381" />
    <span id="t_71" from="382" to="388" />
    <span id="t_72" from="389" to="395" />
    <span id="t_73" from="396" to="401" />
    <span id="t_74" from="402" to="410" />
    <span id="t_75" from="411" to="417" />
    <span id="t_76" from="417" to="418" />
    <span id="t_77" from="419" to="422" />
    <span id="t_78" from="423" to="427" />
    <span id="t_79" from="428" to="433" />
    <span id="t_80" from="434" to="440" />
    <span id="t_81" from="441" to="446" />
    <span id="t_82" from="447" to="449" />
    <span id="t_83" from="450" to="454" />
    <span id="t_84" from="455" to="462" />
    <span id="t_85" from="462" to="463" />
    <span id="t_86" from="464" to="468" />
    <span id="t_87" from="469" to="480" />
    <span id="t_88" from="481" to="486" />
    <span id="t_89" from="487" to="490" />
    <span id="t_90" from="491" to="496" />
    <span id="t_91" from="497" to="501" />
    <span id="t_92" from="502" to="507" />
    <span id="t_93" from="508" to="518" />
    <span id="t_94" from="518" to="519" />
    <span id="t_95" from="520" to="526" />
    <span id="t_96" from="527" to="530" />
    <span id="t_97" from="531" to="538" />
    <span id="t_98" from="539" to="541" />
    <span id="t_99" from="542" to="545" />
    <span id="t_100" from="546" to="568" />
    <span id="t_101" from="569" to="573" />
    <span id="t_102" from="574" to="582" />
    <span id="t_103" from="583" to="590" />
    <span id="t_104" from="591" to="601" />
    <span id="t_105" from="602" to="607" />
    <span id="t_106" from="607" to="608" />
    <span id="t_107" from="609" to="614" />
    <span id="t_108" from="615" to="618" />
    <span id="t_109" from="619" to="646" />
    <span id="t_110" from="647" to="649" />
    <span id="t_111" from="650" to="655" />
    <span id="t_112" from="656" to="660" />
    <span id="t_113" from="661" to="663" />
    <span id="t_114" from="664" to="669" />
    <span id="t_115" from="669" to="670" />
    <span id="t_116" from="671" to="674" />
    <span id="t_117" from="675" to="678" />
    <span id="t_118" from="679" to="690" />
    <span id="t_119" from="691" to="695" />
    <span id="t_120" from="696" to="699" />
    <span id="t_121" from="700" to="703" />
    <span id="t_122" from="704" to="708" />
    <span id="t_123" from="709" to="712" />
    <span id="t_124" from="713" to="717" />
    <span id="t_125" from="718" to="720" />
    <span id="t_126" from="721" to="733" />
    <span id="t_127" from="734" to="737" />
    <span id="t_128" from="738" to="741" />
    <span id="t_129" from="742" to="757" />
    <span id="t_130" from="758" to="770" />
    <span id="t_131" from="771" to="774" />
    <span id="t_132" from="774" to="775" />
    <span id="t_133" from="776" to="780" />
    <span id="t_134" from="781" to="792" />
    <span id="t_135" from="793" to="797" />
    <span id="t_136" from="798" to="803" />
    <span id="t_137" from="804" to="815" />
    <span id="t_138" from="816" to="818" />
    <span id="t_139" from="819" to="824" />
    <span id="t_140" from="825" to="831" />
    <span id="t_141" from="831" to="832" />
    <span id="t_142" from="833" to="836" />
    <span id="t_143" from="837" to="843" />
    <span id="t_144" from="844" to="848" />
    <span id="t_145" from="849" to="851" />
    <span id="t_146" from="852" to="855" />
    <span id="t_147" from="856" to="861" />
    <span id="t_148" from="862" to="866" />
    <span id="t_149" from="867" to="871" />
    <span id="t_150" from="872" to="883" />
    <span id="t_151" from="884" to="895" />
    <span id="t_152" from="895" to="896" />
    <span id="t_153" from="897" to="901" />
    <span id="t_154" from="902" to="905" />
    <span id="t_155" from="905" to="906" />
    <span id="t_156" from="907" to="910" />
    <span id="t_157" from="911" to="914" />
    <span id="t_158" from="915" to="920" />
    <span id="t_159" from="921" to="926" />
    <span id="t_160" from="927" to="931" />
    <span id="t_161" from="932" to="939" />
    <span id="t_162" from="939" to="940" />
    <span id="t_163" from="941" to="944" />
    <span id="t_164" from="945" to="948" />
    <span id="t_165" from="949" to="953" />
    <span id="t_166" from="954" to="957" />
    <span id="t_167" from="958" to="965" />
    <span id="t_168" from="965" to="966" />
    <span id="t_169" from="967" to="971" />
    <span id="t_170" from="972" to="977" />
    <span id="t_171" from="978" to="979" />
    <span id="t_172" from="980" to="983" />
    <span id="t_173" from="984" to="988" />
    <span id="t_174" from="989" to="992" />
    <span id="t_175" from="993" to="997" />
    <span id="t_176" from="998" to="1004" />
    <span id="t_177" from="1004" to="1005" />
    <span id="t_178" from="1006" to="1010" />
    <span id="t_179" from="1011" to="1015" />
    <span id="t_180" from="1016" to="1021" />
    <span id="t_181" from="1022" to="1024" />
    <span id="t_182" from="1025" to="1036" />
    <span id="t_183" from="1037" to="1042" />
    <span id="t_184" from="1043" to="1052" />
    <span id="t_185" from="1053" to="1059" />
    <span id="t_186" from="1060" to="1061" />
    <span id="t_187" from="1061" to="1062" />
    <span id="t_188" from="1063" to="1067" />
    <span id="t_189" from="1068" to="1074" />
    <span id="t_190" from="1075" to="1078" />
    <span id="t_191" from="1079" to="1098" />
    <span id="t_192" from="1099" to="1102" />
    <span id="t_193" from="1103" to="1114" />
    <span id="t_194" from="1115" to="1118" />
    <span id="t_195" from="1119" to="1141" />
    <span id="t_196" from="1142" to="1153" />
    <span id="t_197" from="1154" to="1157" />
    <span id="t_198" from="1158" to="1172" />
    <span id="t_199" from="1173" to="1177" />
    <span id="t_200" from="1178" to="1181" />
    <span id="t_201" from="1182" to="1207" />
    <span id="t_202" from="1208" to="1213" />
    <span id="t_203" from="1214" to="1215" />
    <span id="t_204" from="1216" to="1221" />
    <span id="t_205" from="1221" to="1222" />
    <span id="t_206" from="1223" to="1226" />
    <span id="t_207" from="1227" to="1235" />
    <span id="t_208" from="1236" to="1241" />
    <span id="t_209" from="1242" to="1246" />
    <span id="t_210" from="1246" to="1247" />
    <span id="t_211" from="1248" to="1263" />
    <span id="t_212" from="1264" to="1273" />
    <span id="t_213" from="1274" to="1279" />
    <span id="t_214" from="1279" to="1280" />
    <span id="t_215" from="1281" to="1285" />
    <span id="t_216" from="1286" to="1288" />
    <span id="t_217" from="1289" to="1292" />
    <span id="t_218" from="1293" to="1307" />
    <span id="t_219" from="1308" to="1319" />
    <span id="t_220" from="1320" to="1339" />
    <span id="t_221" from="1340" to="1348" />
    <span id="t_222" from="1349" to="1358" />
    <span id="t_223" from="1359" to="1363" />
    <span id="t_224" from="1364" to="1367" />
    <span id="t_225" from="1368" to="1389" />
    <span id="t_226" from="1389" to="1390" />
    <span id="t_227" from="1391" to="1394" />
    <span id="t_228" from="1395" to="1398" />
    <span id="t_229" from="1399" to="1402" />
    <span id="t_230" from="1403" to="1409" />
    <span id="t_231" from="1409" to="1410" />
    <span id="t_232" from="1411" to="1414" />
    <span id="t_233" from="1415" to="1420" />
    <span id="t_234" from="1421" to="1424" />
    <span id="t_235" from="1425" to="1432" />
    <span id="t_236" from="1432" to="1433" />
    <span id="t_237" from="1434" to="1437" />
    <span id="t_238" from="1438" to="1446" />
    <span id="t_239" from="1447" to="1454" />
    <span id="t_240" from="1455" to="1461" />
    <span id="t_241" from="1462" to="1465" />
    <span id="t_242" from="1466" to="1474" />
    <span id="t_243" from="1475" to="1477" />
    <span id="t_244" from="1478" to="1484" />
    <span id="t_245" from="1485" to="1488" />
    <span id="t_246" from="1489" to="1492" />
    <span id="t_247" from="1493" to="1499" />
    <span id="t_248" from="1500" to="1505" />
    <span id="t_249" from="1506" to="1515" />
    <span id="t_250" from="1516" to="1518" />
    <span id="t_251" from="1519" to="1530" />
    <span id="t_252" from="1530" to="1531" />
    <span id="t_253" from="1532" to="1535" />
    <span id="t_254" from="1536" to="1540" />
    <span id="t_255" from="1541" to="1543" />
    <span id="t_256" from="1544" to="1548" />
    <span id="t_257" from="1549" to="1554" />
    <span id="t_258" from="1555" to="1565" />
    <span id="t_259" from="1566" to="1580" />
    <span id="t_260" from="1581" to="1583" />
    <span id="t_261" from="1584" to="1587" />
    <span id="t_262" from="1588" to="1601" />
    <span id="t_263" from="1602" to="1604" />
    <span id="t_264" from="1605" to="1616" />
    <span id="t_265" from="1617" to="1627" />
    <span id="t_266" from="1628" to="1636" />
    <span id="t_267" from="1637" to="1640" />
    <span id="t_268" from="1641" to="1648" />
    <span id="t_269" from="1649" to="1652" />
    <span id="t_270" from="1653" to="1662" />
    <span id="t_271" from="1663" to="1674" />
    <span id="t_272" from="1675" to="1683" />
    <span id="t_273" from="1683" to="1684" />
    <span id="t_274" from="1685" to="1688" />
    <span id="t_275" from="1689" to="1692" />
    <span id="t_276" from="1693" to="1701" />
    <span id="t_277" from="1702" to="1705" />
    <span id="t_278" from="1706" to="1716" />
    <span id="t_279" from="1717" to="1721" />
    <span id="t_280" from="1722" to="1726" />
    <span id="t_281" from="1726" to="1727" />
    <span id="t_282" from="1728" to="1731" />
    <span id="t_283" from="1732" to="1735" />
    <span id="t_284" from="1736" to="1740" />
    <span id="t_285" from="1741" to="1745" />
    <span id="t_286" from="1745" to="1746" />
    <span id="t_287" from="1747" to="1750" />
    <span id="t_288" from="1751" to="1755" />
    <span id="t_289" from="1756" to="1760" />
    <span id="t_290" from="1761" to="1765" />
    <span id="t_291" from="1766" to="1772" />
    <span id="t_292" from="1773" to="1776" />
    <span id="t_293" from="1777" to="1781" />
    <span id="t_294" from="1782" to="1787" />
    <span id="t_295" from="1787" to="1788" />
    <span id="t_296" from="1789" to="1792" />
    <span id="t_297" from="1793" to="1796" />
    <span id="t_298" from="1797" to="1806" />
    <span id="t_299" from="1807" to="1813" />
    <span id="t_300" from="1813" to="1814" />
    <span id="t_301" from="1815" to="1823" />
    <span id="t_302" from="1824" to="1827" />
    <span id="t_303" from="1827" to="1828" />
    <span id="t_304" from="1829" to="1834" />
    <span id="t_305" from="1835" to="1839" />
    <span id="t_306" from="1839" to="1840" />
    <span id="t_307" from="1841" to="1845" />
    <span id="t_308" from="1846" to="1854" />
    <span id="t_309" from="1855" to="1861" />
    <span id="t_310" from="1861" to="1862" />
    <span id="t_311" from="1863" to="1866" />
    <span id="t_312" from="1867" to="1872" />
    <span id="t_313" from="1873" to="1876" />
    <span id="t_314" from="1877" to="1883" />
    <span id="t_315" from="1884" to="1889" />
    <span id="t_316" from="1890" to="1902" />
    <span id="t_317" from="1902" to="1903" />
    <span id="t_318" from="1904" to="1908" />
    <span id="t_319" from="1909" to="1912" />
    <span id="t_320" from="1913" to="1917" />
    <span id="t_321" from="1918" to="1932" />
    <span id="t_322" from="1933" to="1944" />
    <span id="t_323" from="1945" to="1951" />
    <span id="t_324" from="1951" to="1952" />
    <span id="t_325" from="1953" to="1956" />
    <span id="t_326" from="1957" to="1959" />
    <span id="t_327" from="1960" to="1964" />
    <span id="t_328" from="1965" to="1969" />
    <span id="t_329" from="1970" to="1983" />
    <span id="t_330" from="1984" to="1987" />
    <span id="t_331" from="1987" to="1988" />
    <span id="t_332" from="1989" to="1995" />
    <span id="t_333" from="1996" to="1997" />
    <span id="t_334" from="1997" to="1998" />
    <span id="t_335" from="1998" to="2004" />
    <span id="t_336" from="2004" to="2005" />
    <span id="t_337" from="2006" to="2011" />
    <span id="t_338" from="2012" to="2016" />
    <span id="t_339" from="2017" to="2020" />
    <span id="t_340" from="2021" to="2024" />
    <span id="t_341" from="2025" to="2030" />
    <span id="t_342" from="2030" to="2031" />
    <span id="t_343" from="2032" to="2035" />
    <span id="t_344" from="2036" to="2041" />
    <span id="t_345" from="2042" to="2046" />
    <span id="t_346" from="2047" to="2053" />
    <span id="t_347" from="2053" to="2054" />
    <span id="t_348" from="2055" to="2059" />
    <span id="t_349" from="2060" to="2062" />
    <span id="t_350" from="2063" to="2072" />
    <span id="t_351" from="2073" to="2080" />
    <span id="t_352" from="2081" to="2088" />
    <span id="t_353" from="2089" to="2092" />
    <span id="t_354" from="2092" to="2093" />
    <span id="t_355" from="2094" to="2099" />
    <span id="t_356" from="2100" to="2107" />
    <span id="t_357" from="2108" to="2114" />
    <span id="t_358" from="2115" to="2120" />
    <span id="t_359" from="2121" to="2128" />
    <span id="t_360" from="2129" to="2134" />
    <span id="t_361" from="2135" to="2143" />
    <span id="t_362" from="2143" to="2144" />
    <span id="t_363" from="2145" to="2149" />
    <span id="t_364" from="2150" to="2157" />
    <span id="t_365" from="2158" to="2170" />
    <span id="t_366" from="2171" to="2192" />
    <span id="t_367" from="2193" to="2200" />
    <span id="t_368" from="2201" to="2206" />
    <span id="t_369" from="2206" to="2207" />
    <span id="t_370" from="2208" to="2211" />
    <span id="t_371" from="2212" to="2217" />
    <span id="t_372" from="2217" to="2218" />
    <span id="t_373" from="2219" to="2222" />
    <span id="t_374" from="2223" to="2227" />
    <span id="t_375" from="2228" to="2234" />
    <span id="t_376" from="2235" to="2238" />
    <span id="t_377" from="2239" to="2244" />
    <span id="t_378" from="2245" to="2248" />
    <span id="t_379" from="2249" to="2252" />
    <span id="t_380" from="2253" to="2256" />
    <span id="t_381" from="2257" to="2266" />
    <span id="t_382" from="2267" to="2270" />
    <span id="t_383" from="2271" to="2282" />
    <span id="t_384" from="2283" to="2298" />
    <span id="t_385" from="2298" to="2299" />
    <span id="t_386" from="2300" to="2306" />
    <span id="t_387" from="2307" to="2310" />
    <span id="t_388" from="2311" to="2322" />
    <span id="t_389" from="2323" to="2331" />
    <span id="t_390" from="2332" to="2337" />
    <span id="t_391" from="2338" to="2343" />
    <span id="t_392" from="2344" to="2357" />
    <span id="t_393" from="2358" to="2361" />
    <span id="t_394" from="2362" to="2365" />
    <span id="t_395" from="2366" to="2372" />
    <span id="t_396" from="2372" to="2373" />
    <span id="t_397" from="2373" to="2376" />
    <span id="t_398" from="2376" to="2377" />
    <span id="t_399" from="2377" to="2380" />
    <span id="t_400" from="2380" to="2381" />
    <span id="t_401" from="2381" to="2387" />
    <span id="t_402" from="2387" to="2388" />
    <span id="t_403" from="2388" to="2397" />
    <span id="t_404" from="2398" to="2401" />
    <span id="t_405" from="2402" to="2410" />
    <span id="t_406" from="2411" to="2414" />
    <span id="t_407" from="2415" to="2428" />
    <span id="t_408" from="2429" to="2431" />
    <span id="t_409" from="2432" to="2435" />
    <span id="t_410" from="2436" to="2444" />
    <span id="t_411" from="2445" to="2450" />
    <span id="t_412" from="2451" to="2460" />
    <span id="t_413" from="2461" to="2465" />
    <span id="t_414" from="2466" to="2479" />
    <span id="t_415" from="2480" to="2493" />
    <span id="t_416" from="2494" to="2499" />
    <span id="t_417" from="2499" to="2500" />
    <span id="t_418" from="2501" to="2504" />
    <span id="t_419" from="2505" to="2510" />
    <span id="t_420" from="2511" to="2514" />
    <span id="t_421" from="2515" to="2517" />
    <span id="t_422" from="2518" to="2521" />
    <span id="t_423" from="2522" to="2541" />
    <span id="t_424" from="2541" to="2542" />
    <span id="t_425" from="2543" to="2546" />
    <span id="t_426" from="2547" to="2556" />
    <span id="t_427" from="2557" to="2568" />
    <span id="t_428" from="2569" to="2572" />
    <span id="t_429" from="2572" to="2573" />
    <span id="t_430" from="2574" to="2581" />
    <span id="t_431" from="2582" to="2585" />
    <span id="t_432" from="2586" to="2604" />
    <span id="t_433" from="2605" to="2613" />
    <span id="t_434" from="2614" to="2617" />
    <span id="t_435" from="2617" to="2618" />
    <span id="t_436" from="2619" to="2622" />
    <span id="t_437" from="2623" to="2627" />
    <span id="t_438" from="2628" to="2631" />
    <span id="t_439" from="2632" to="2637" />
    <span id="t_440" from="2638" to="2640" />
    <span id="t_441" from="2641" to="2647" />
    <span id="t_442" from="2648" to="2656" />
    <span id="t_443" from="2657" to="2662" />
    <span id="t_444" from="2662" to="2663" />
    <span id="t_445" from="2664" to="2668" />
    <span id="t_446" from="2669" to="2672" />
    <span id="t_447" from="2673" to="2677" />
    <span id="t_448" from="2678" to="2683" />
    <span id="t_449" from="2684" to="2689" />
    <span id="t_450" from="2690" to="2695" />
    <span id="t_451" from="2695" to="2696" />
    <span id="t_452" from="2697" to="2701" />
    <span id="t_453" from="2702" to="2707" />
    <span id="t_454" from="2708" to="2711" />
    <span id="t_455" from="2712" to="2715" />
    <span id="t_456" from="2715" to="2716" />
    <span id="t_457" from="2717" to="2722" />
    <span id="t_458" from="2723" to="2726" />
    <span id="t_459" from="2727" to="2730" />
    <span id="t_460" from="2731" to="2735" />
    <span id="t_461" from="2736" to="2742" />
    <span id="t_462" from="2743" to="2746" />
    <span id="t_463" from="2747" to="2755" />
    <span id="t_464" from="2756" to="2758" />
    <span id="t_465" from="2759" to="2764" />
    <span id="t_466" from="2764" to="2765" />
    <span id="t_467" from="2766" to="2773" />
    <span id="t_468" from="2774" to="2778" />
    <span id="t_469" from="2779" to="2782" />
    <span id="t_470" from="2783" to="2789" />
    <span id="t_471" from="2790" to="2796" />
    <span id="t_472" from="2797" to="2809" />
    <span id="t_473" from="2809" to="2810" />
    <span id="t_474" from="2811" to="2816" />
    <span id="t_475" from="2817" to="2821" />
    <span id="t_476" from="2821" to="2822" />
    <span id="t_477" from="2823" to="2828" />
    <span id="t_478" from="2829" to="2832" />
    <span id="t_479" from="2833" to="2839" />
    <span id="t_480" from="2839" to="2840" />
    <span id="t_481" from="2841" to="2843" />
    <span id="t_482" from="2844" to="2848" />
    <span id="t_483" from="2849" to="2852" />
    <span id="t_484" from="2853" to="2857" />
    <span id="t_485" from="2858" to="2867" />
    <span id="t_486" from="2867" to="2868" />
    <span id="t_487" from="2869" to="2872" />
    <span id="t_488" from="2873" to="2878" />
    <span id="t_489" from="2879" to="2883" />
    <span id="t_490" from="2884" to="2889" />
    <span id="t_491" from="2890" to="2896" />
    <span id="t_492" from="2896" to="2897" />
    <span id="t_493" from="2898" to="2901" />
    <span id="t_494" from="2902" to="2905" />
    <span id="t_495" from="2906" to="2919" />
    <span id="t_496" from="2920" to="2924" />
    <span id="t_497" from="2924" to="2925" />
    <span id="t_498" from="2926" to="2930" />
    <span id="t_499" from="2931" to="2935" />
    <span id="t_500" from="2936" to="2939" />
    <span id="t_501" from="2940" to="2945" />
    <span id="t_502" from="2946" to="2949" />
    <span id="t_503" from="2950" to="2953" />
    <span id="t_504" from="2954" to="2957" />
    <span id="t_505" from="2958" to="2959" />
    <span id="t_506" from="2960" to="2963" />
    <span id="t_507" from="2964" to="2967" />
    <span id="t_508" from="2968" to="2970" />
    <span id="t_509" from="2971" to="2975" />
    <span id="t_510" from="2976" to="2980" />
    <span id="t_511" from="2981" to="2985" />
    <span id="t_512" from="2986" to="2987" />
    <span id="t_513" from="2988" to="2990" />
    <span id="t_514" from="2991" to="2998" />
    <span id="t_515" from="2999" to="3002" />
    <span id="t_516" from="3003" to="3008" />
    <span id="t_517" from="3009" to="3016" />
    <span id="t_518" from="3016" to="3017" />
    <span id="t_519" from="3018" to="3020" />
    <span id="t_520" from="3021" to="3024" />
    <span id="t_521" from="3025" to="3027" />
    <span id="t_522" from="3028" to="3030" />
    <span id="t_523" from="3031" to="3049" />
    <span id="t_524" from="3049" to="3050" />
    <span id="t_525" from="3051" to="3053" />
    <span id="t_526" from="3054" to="3060" />
    <span id="t_527" from="3060" to="3061" />
    <span id="t_528" from="3062" to="3065" />
    <span id="t_529" from="3066" to="3079" />
    <span id="t_530" from="3080" to="3084" />
    <span id="t_531" from="3084" to="3085" />
    <span id="t_532" from="3086" to="3096" />
    <span id="t_533" from="3097" to="3100" />
    <span id="t_534" from="3101" to="3108" />
    <span id="t_535" from="3108" to="3109" />
    <span id="t_536" from="3110" to="3113" />
    <span id="t_537" from="3114" to="3125" />
    <span id="t_538" from="3126" to="3132" />
    <span id="t_539" from="3133" to="3139" />
    <span id="t_540" from="3140" to="3147" />
    <span id="t_541" from="3148" to="3154" />
    <span id="t_542" from="3154" to="3155" />
    <span id="t_543" from="3156" to="3159" />
    <span id="t_544" from="3160" to="3171" />
    <span id="t_545" from="3172" to="3176" />
    <span id="t_546" from="3177" to="3182" />
    <span id="t_547" from="3183" to="3185" />
    <span id="t_548" from="3186" to="3193" />
    <span id="t_549" from="3193" to="3194" />
    <span id="t_550" from="3195" to="3198" />
    <span id="t_551" from="3199" to="3223" />
    <span id="t_552" from="3224" to="3228" />
    <span id="t_553" from="3229" to="3234" />
    <span id="t_554" from="3235" to="3237" />
    <span id="t_555" from="3238" to="3245" />
    <span id="t_556" from="3245" to="3246" />
    <span id="t_557" from="3247" to="3251" />
    <span id="t_558" from="3252" to="3257" />
    <span id="t_559" from="3258" to="3261" />
    <span id="t_560" from="3262" to="3266" />
    <span id="t_561" from="3267" to="3271" />
    <span id="t_562" from="3272" to="3278" />
    <span id="t_563" from="3279" to="3288" />
    <span id="t_564" from="3289" to="3292" />
    <span id="t_565" from="3293" to="3307" />
    <span id="t_566" from="3308" to="3319" />
    <span id="t_567" from="3319" to="3320" />
    <span id="t_568" from="3321" to="3324" />
    <span id="t_569" from="3325" to="3328" />
    <span id="t_570" from="3329" to="3337" />
    <span id="t_571" from="3338" to="3342" />
    <span id="t_572" from="3343" to="3351" />
    <span id="t_573" from="3352" to="3355" />
    <span id="t_574" from="3356" to="3361" />
    <span id="t_575" from="3362" to="3370" />
    <span id="t_576" from="3371" to="3376" />
    <span id="t_577" from="3377" to="3394" />
    <span id="t_578" from="3395" to="3398" />
    <span id="t_579" from="3399" to="3418" />
    <span id="t_580" from="3419" to="3430" />
    <span id="t_581" from="3431" to="3436" />
    <span id="t_582" from="3437" to="3445" />
    <span id="t_583" from="3446" to="3451" />
    <span id="t_584" from="3452" to="3463" />
    <span id="t_585" from="3463" to="3464" />
    <span id="t_586" from="3465" to="3468" />
    <span id="t_587" from="3469" to="3472" />
    <span id="t_588" from="3473" to="3487" />
    <span id="t_589" from="3488" to="3490" />
    <span id="t_590" from="3491" to="3515" />
    <span id="t_591" from="3516" to="3522" />
    <span id="t_592" from="3523" to="3528" />
    <span id="t_593" from="3528" to="3529" />
    <span id="t_594" from="3530" to="3532" />
    <span id="t_595" from="3533" to="3536" />
    <span id="t_596" from="3537" to="3547" />
    <span id="t_597" from="3548" to="3552" />
    <span id="t_598" from="3553" to="3566" />
    <span id="t_599" from="3567" to="3568" />
    <span id="t_600" from="3569" to="3572" />
    <span id="t_601" from="3573" to="3577" />
    <span id="t_602" from="3578" to="3581" />
    <span id="t_603" from="3582" to="3585" />
    <span id="t_604" from="3586" to="3592" />
    <span id="t_605" from="3593" to="3597" />
    <span id="t_606" from="3598" to="3604" />
    <span id="t_607" from="3605" to="3610" />
    <span id="t_608" from="3611" to="3612" />
    <span id="t_609" from="3613" to="3616" />
    <span id="t_610" from="3617" to="3620" />
    <span id="t_611" from="3621" to="3631" />
    <span id="t_612" from="3632" to="3636" />
    <span id="t_613" from="3637" to="3645" />
    <span id="t_614" from="3645" to="3646" />
    <span id="t_615" from="3647" to="3650" />
    <span id="t_616" from="3651" to="3661" />
    <span id="t_617" from="3662" to="3666" />
    <span id="t_618" from="3667" to="3682" />
    <span id="t_619" from="3683" to="3686" />
    <span id="t_620" from="3687" to="3693" />
    <span id="t_621" from="3694" to="3703" />
    <span id="t_622" from="3703" to="3704" />
    <span id="t_623" from="3705" to="3708" />
    <span id="t_624" from="3709" to="3712" />
    <span id="t_625" from="3713" to="3716" />
    <span id="t_626" from="3717" to="3720" />
    <span id="t_627" from="3721" to="3723" />
    <span id="t_628" from="3724" to="3728" />
    <span id="t_629" from="3729" to="3737" />
    <span id="t_630" from="3737" to="3738" />
    <span id="t_631" from="3739" to="3742" />
    <span id="t_632" from="3743" to="3753" />
    <span id="t_633" from="3754" to="3756" />
    <span id="t_634" from="3757" to="3762" />
    <span id="t_635" from="3762" to="3763" />
    <span id="t_636" from="3764" to="3767" />
    <span id="t_637" from="3768" to="3773" />
    <span id="t_638" from="3774" to="3777" />
    <span id="t_639" from="3778" to="3781" />
    <span id="t_640" from="3782" to="3792" />
    <span id="t_641" from="3793" to="3797" />
    <span id="t_642" from="3797" to="3798" />
    <span id="t_643" from="3799" to="3803" />
    <span id="t_644" from="3804" to="3807" />
    <span id="t_645" from="3808" to="3812" />
    <span id="t_646" from="3813" to="3816" />
    <span id="t_647" from="3817" to="3825" />
    <span id="t_648" from="3826" to="3835" />
    <span id="t_649" from="3835" to="3836" />
    <span id="t_650" from="3837" to="3841" />
    <span id="t_651" from="3842" to="3845" />
    <span id="t_652" from="3846" to="3853" />
    <span id="t_653" from="3853" to="3854" />
    <span id="t_654" from="3855" to="3858" />
    <span id="t_655" from="3859" to="3862" />
    <span id="t_656" from="3862" to="3863" />
    <span id="t_657" from="3864" to="3867" />
    <span id="t_658" from="3868" to="3871" />
    <span id="t_659" from="3872" to="3875" />
    <span id="t_660" from="3876" to="3882" />
    <span id="t_661" from="3883" to="3894" />
    <span id="t_662" from="3894" to="3895" />
    <span id="t_663" from="3896" to="3902" />
    <span id="t_664" from="3903" to="3909" />
    <span id="t_665" from="3909" to="3910" />
    <span id="t_666" from="3911" to="3913" />
    <span id="t_667" from="3914" to="3917" />
    <span id="t_668" from="3918" to="3926" />
    <span id="t_669" from="3927" to="3931" />
    <span id="t_670" from="3932" to="3938" />
    <span id="t_671" from="3939" to="3948" />
    <span id="t_672" from="3949" to="3954" />
    <span id="t_673" from="3954" to="3955" />
    <span id="t_674" from="3956" to="3961" />
    <span id="t_675" from="3961" to="3962" />
    <span id="t_676" from="3963" to="3967" />
    <span id="t_677" from="3968" to="3974" />
    <span id="t_678" from="3974" to="3975" />
    <span id="t_679" from="3976" to="3979" />
    <span id="t_680" from="3980" to="3984" />
    <span id="t_681" from="3985" to="3988" />
    <span id="t_682" from="3989" to="3992" />
    <span id="t_683" from="3993" to="3999" />
    <span id="t_684" from="4000" to="4006" />
    <span id="t_685" from="4007" to="4015" />
    <span id="t_686" from="4015" to="4016" />
    <span id="t_687" from="4017" to="4020" />
    <span id="t_688" from="4021" to="4027" />
    <span id="t_689" from="4027" to="4028" />
    <span id="t_690" from="4029" to="4032" />
    <span id="t_691" from="4033" to="4037" />
    <span id="t_692" from="4038" to="4053" />
    <span id="t_693" from="4054" to="4059" />
    <span id="t_694" from="4060" to="4077" />
    <span id="t_695" from="4077" to="4078" />
    <span id="t_696" from="4079" to="4082" />
    <span id="t_697" from="4083" to="4098" />
    <span id="t_698" from="4099" to="4104" />
    <span id="t_699" from="4105" to="4119" />
    <span id="t_700" from="4119" to="4120" />
    <span id="t_701" from="4121" to="4124" />
    <span id="t_702" from="4125" to="4132" />
    <span id="t_703" from="4133" to="4136" />
    <span id="t_704" from="4137" to="4142" />
    <span id="t_705" from="4143" to="4146" />
    <span id="t_706" from="4147" to="4150" />
    <span id="t_707" from="4151" to="4160" />
    <span id="t_708" from="4161" to="4162" />
    <span id="t_709" from="4163" to="4166" />
    <span id="t_710" from="4167" to="4171" />
    <span id="t_711" from="4172" to="4175" />
    <span id="t_712" from="4176" to="4180" />
    <span id="t_713" from="4181" to="4183" />
    <span id="t_714" from="4184" to="4187" />
    <span id="t_715" from="4188" to="4196" />
    <span id="t_716" from="4197" to="4200" />
    <span id="t_717" from="4201" to="4204" />
    <span id="t_718" from="4205" to="4213" />
    <span id="t_719" from="4214" to="4221" />
    <span id="t_720" from="4222" to="4223" />
    <span id="t_721" from="4224" to="4228" />
    <span id="t_722" from="4229" to="4233" />
    <span id="t_723" from="4234" to="4238" />
    <span id="t_724" from="4239" to="4247" />
    <span id="t_725" from="4248" to="4251" />
    <span id="t_726" from="4252" to="4266" />
    <span id="t_727" from="4267" to="4269" />
    <span id="t_728" from="4270" to="4280" />
    <span id="t_729" from="4281" to="4282" />
    <span id="t_730" from="4283" to="4290" />
    <span id="t_731" from="4290" to="4291" />
    <span id="t_732" from="4292" to="4295" />
    <span id="t_733" from="4296" to="4299" />
    <span id="t_734" from="4300" to="4303" />
    <span id="t_735" from="4304" to="4312" />
    <span id="t_736" from="4312" to="4313" />
    <span id="t_737" from="4314" to="4317" />
    <span id="t_738" from="4318" to="4330" />
    <span id="t_739" from="4331" to="4335" />
    <span id="t_740" from="4335" to="4336" />
    <span id="t_741" from="4337" to="4345" />
    <span id="t_742" from="4346" to="4350" />
    <span id="t_743" from="4351" to="4354" />
    <span id="t_744" from="4355" to="4361" />
    <span id="t_745" from="4362" to="4365" />
    <span id="t_746" from="4366" to="4369" />
    <span id="t_747" from="4370" to="4380" />
    <span id="t_748" from="4381" to="4386" />
    <span id="t_749" from="4387" to="4397" />
    <span id="t_750" from="4397" to="4398" />
    <span id="t_751" from="4399" to="4403" />
    <span id="t_752" from="4404" to="4407" />
    <span id="t_753" from="4408" to="4419" />
    <span id="t_754" from="4420" to="4427" />
    <span id="t_755" from="4428" to="4434" />
    <span id="t_756" from="4434" to="4435" />
    <span id="t_757" from="4436" to="4438" />
    <span id="t_758" from="4439" to="4442" />
    <span id="t_759" from="4443" to="4453" />
    <span id="t_760" from="4454" to="4457" />
    <span id="t_761" from="4458" to="4462" />
    <span id="t_762" from="4463" to="4467" />
    <span id="t_763" from="4468" to="4481" />
    <span id="t_764" from="4482" to="4488" />
    <span id="t_765" from="4489" to="4492" />
    <span id="t_766" from="4493" to="4496" />
    <span id="t_767" from="4497" to="4505" />
    <span id="t_768" from="4506" to="4513" />
    <span id="t_769" from="4514" to="4517" />
    <span id="t_770" from="4518" to="4527" />
    <span id="t_771" from="4528" to="4537" />
    <span id="t_772" from="4537" to="4538" />
    <span id="t_773" from="4539" to="4543" />
    <span id="t_774" from="4544" to="4547" />
    <span id="t_775" from="4548" to="4556" />
    <span id="t_776" from="4557" to="4560" />
    <span id="t_777" from="4561" to="4568" />
    <span id="t_778" from="4569" to="4578" />
    <span id="t_779" from="4578" to="4579" />
    <span id="t_780" from="4580" to="4583" />
    <span id="t_781" from="4584" to="4586" />
    <span id="t_782" from="4587" to="4592" />
    <span id="t_783" from="4593" to="4605" />
    <span id="t_784" from="4606" to="4624" />
    <span id="t_785" from="4625" to="4628" />
    <span id="t_786" from="4629" to="4637" />
    <span id="t_787" from="4638" to="4644" />
    <span id="t_788" from="4645" to="4651" />
    <span id="t_789" from="4652" to="4657" />
    <span id="t_790" from="4657" to="4658" />
    <span id="t_791" from="4659" to="4662" />
    <span id="t_792" from="4663" to="4672" />
    <span id="t_793" from="4673" to="4678" />
    <span id="t_794" from="4679" to="4685" />
    <span id="t_795" from="4686" to="4693" />
    <span id="t_796" from="4694" to="4705" />
    <span id="t_797" from="4706" to="4721" />
    <span id="t_798" from="4721" to="4722" />
    <span id="t_799" from="4723" to="4726" />
    <span id="t_800" from="4727" to="4730" />
    <span id="t_801" from="4731" to="4735" />
    <span id="t_802" from="4735" to="4736" />
    <span id="t_803" from="4737" to="4741" />
    <span id="t_804" from="4742" to="4745" />
    <span id="t_805" from="4746" to="4750" />
    <span id="t_806" from="4751" to="4754" />
    <span id="t_807" from="4755" to="4757" />
    <span id="t_808" from="4758" to="4763" />
    <span id="t_809" from="4764" to="4774" />
    <span id="t_810" from="4775" to="4786" />
    <span id="t_811" from="4787" to="4795" />
    <span id="t_812" from="4796" to="4804" />
    <span id="t_813" from="4804" to="4805" />
    <span id="t_814" from="4806" to="4810" />
    <span id="t_815" from="4811" to="4824" />
    <span id="t_816" from="4825" to="4829" />
    <span id="t_817" from="4830" to="4836" />
    <span id="t_818" from="4837" to="4843" />
    <span id="t_819" from="4843" to="4844" />
    <span id="t_820" from="4845" to="4849" />
    <span id="t_821" from="4850" to="4855" />
    <span id="t_822" from="4856" to="4860" />
    <span id="t_823" from="4860" to="4861" />
    <span id="t_824" from="4862" to="4865" />
    <span id="t_825" from="4865" to="4866" />
    <span id="t_826" from="4866" to="4871" />
    <span id="t_827" from="4872" to="4885" />
    <span id="t_828" from="4886" to="4889" />
    <span id="t_829" from="4890" to="4892" />
    <span id="t_830" from="4893" to="4900" />
    <span id="t_831" from="4901" to="4904" />
    <span id="t_832" from="4905" to="4908" />
    <span id="t_833" from="4909" to="4917" />
    <span id="t_834" from="4918" to="4921" />
    <span id="t_835" from="4921" to="4922" />
    <span id="t_836" from="4923" to="4926" />
    <span id="t_837" from="4927" to="4932" />
    <span id="t_838" from="4933" to="4937" />
    <span id="t_839" from="4937" to="4938" />
    <span id="t_840" from="4939" to="4942" />
    <span id="t_841" from="4943" to="4954" />
    <span id="t_842" from="4955" to="4962" />
    <span id="t_843" from="4963" to="4969" />
    <span id="t_844" from="4970" to="4979" />
    <span id="t_845" from="4980" to="4986" />
    <span id="t_846" from="4986" to="4987" />
    <span id="t_847" from="4988" to="4991" />
    <span id="t_848" from="4992" to="4995" />
    <span id="t_849" from="4996" to="5000" />
    <span id="t_850" from="5001" to="5004" />
    <span id="t_851" from="5005" to="5009" />
    <span id="t_852" from="5010" to="5021" />
    <span id="t_853" from="5022" to="5033" />
    <span id="t_854" from="5033" to="5034" />
    <span id="t_855" from="5035" to="5038" />
    <span id="t_856" from="5039" to="5042" />
    <span id="t_857" from="5043" to="5046" />
    <span id="t_858" from="5047" to="5049" />
    <span id="t_859" from="5050" to="5054" />
    <span id="t_860" from="5055" to="5061" />
    <span id="t_861" from="5062" to="5068" />
    <span id="t_862" from="5069" to="5077" />
    <span id="t_863" from="5077" to="5078" />
    <span id="t_864" from="5079" to="5083" />
    <span id="t_865" from="5084" to="5088" />
    <span id="t_866" from="5089" to="5094" />
    <span id="t_867" from="5095" to="5098" />
    <span id="t_868" from="5099" to="5103" />
    <span id="t_869" from="5104" to="5107" />
    <span id="t_870" from="5108" to="5120" />
    <span id="t_871" from="5121" to="5127" />
    <span id="t_872" from="5128" to="5134" />
    <span id="t_873" from="5135" to="5139" />
    <span id="t_874" from="5139" to="5140" />
    <span id="t_875" from="5141" to="5142" />
    <span id="t_876" from="5143" to="5146" />
    <span id="t_877" from="5147" to="5152" />
    <span id="t_878" from="5153" to="5156" />
    <span id="t_879" from="5157" to="5162" />
    <span id="t_880" from="5163" to="5167" />
    <span id="t_881" from="5167" to="5168" />
    <span id="t_882" from="5169" to="5175" />
    <span id="t_883" from="5176" to="5180" />
    <span id="t_884" from="5181" to="5184" />
    <span id="t_885" from="5185" to="5189" />
    <span id="t_886" from="5190" to="5197" />
    <span id="t_887" from="5198" to="5206" />
    <span id="t_888" from="5207" to="5213" />
    <span id="t_889" from="5213" to="5214" />
    <span id="t_890" from="5215" to="5221" />
    <span id="t_891" from="5222" to="5225" />
    <span id="t_892" from="5226" to="5230" />
    <span id="t_893" from="5231" to="5235" />
    <span id="t_894" from="5236" to="5239" />
    <span id="t_895" from="5240" to="5252" />
    <span id="t_896" from="5252" to="5253" />
    <span id="t_897" from="5254" to="5269" />
    <span id="t_898" from="5270" to="5275" />
    <span id="t_899" from="5276" to="5281" />
    <span id="t_900" from="5281" to="5282" />
    <span id="t_901" from="5283" to="5287" />
    <span id="t_902" from="5288" to="5296" />
    <span id="t_903" from="5297" to="5303" />
    <span id="t_904" from="5303" to="5304" />
    <span id="t_905" from="5305" to="5308" />
    <span id="t_906" from="5309" to="5314" />
    <span id="t_907" from="5315" to="5318" />
    <span id="t_908" from="5319" to="5328" />
    <span id="t_909" from="5329" to="5337" />
    <span id="t_910" from="5338" to="5345" />
    <span id="t_911" from="5345" to="5346" />
    <span id="t_912" from="5347" to="5356" />
    <span id="t_913" from="5357" to="5363" />
    <span id="t_914" from="5364" to="5365" />
    <span id="t_915" from="5365" to="5372" />
    <span id="t_916" from="5373" to="5375" />
    <span id="t_917" from="5375" to="5376" />
    <span id="t_918" from="5376" to="5379" />
    <span id="t_919" from="5380" to="5386" />
    <span id="t_920" from="5386" to="5387" />
    <span id="t_921" from="5387" to="5388" />
    <span id="t_922" from="5389" to="5392" />
    <span id="t_923" from="5393" to="5398" />
    <span id="t_924" from="5399" to="5402" />
    <span id="t_925" from="5403" to="5407" />
    <span id="t_926" from="5407" to="5408" />
    <span id="t_927" from="5409" to="5413" />
    <span id="t_928" from="5414" to="5425" />
    <span id="t_929" from="5425" to="5426" />
    <span id="t_930" from="5427" to="5428" />
    <span id="t_931" from="5429" to="5441" />
    <span id="t_932" from="5442" to="5446" />
    <span id="t_933" from="5447" to="5450" />
    <span id="t_934" from="5450" to="5451" />
    <span id="t_935" from="5452" to="5456" />
    <span id="t_936" from="5457" to="5460" />
    <span id="t_937" from="5461" to="5471" />
    <span id="t_938" from="5472" to="5487" />
    <span id="t_939" from="5488" to="5497" />
    <span id="t_940" from="5497" to="5498" />
    <span id="t_941" from="5499" to="5502" />
    <span id="t_942" from="5503" to="5506" />
    <span id="t_943" from="5507" to="5516" />
    <span id="t_944" from="5517" to="5530" />
    <span id="t_945" from="5530" to="5531" />
    <span id="t_946" from="5532" to="5535" />
    <span id="t_947" from="5536" to="5541" />
    <span id="t_948" from="5541" to="5542" />
    <span id="t_949" from="5543" to="5547" />
    <span id="t_950" from="5548" to="5551" />
    <span id="t_951" from="5552" to="5554" />
    <span id="t_952" from="5555" to="5557" />
    <span id="t_953" from="5557" to="5558" />
    <span id="t_954" from="5559" to="5568" />
    <span id="t_955" from="5569" to="5572" />
    <span id="t_956" from="5573" to="5581" />
    <span id="t_957" from="5582" to="5587" />
    <span id="t_958" from="5588" to="5596" />
    <span id="t_959" from="5596" to="5597" />
    <span id="t_960" from="5598" to="5603" />
    <span id="t_961" from="5604" to="5609" />
    <span id="t_962" from="5609" to="5610" />
    <span id="t_963" from="5611" to="5612" />
    <span id="t_964" from="5612" to="5616" />
    <span id="t_965" from="5616" to="5617" />
    <span id="t_966" from="5617" to="5623" />
    <span id="t_967" from="5624" to="5630" />
    <span id="t_968" from="5631" to="5632" />
    <span id="t_969" from="5632" to="5635" />
    <span id="t_970" from="5635" to="5636" />
    <span id="t_971" from="5636" to="5637" />
    <span id="t_972" from="5638" to="5640" />
    <span id="t_973" from="5640" to="5641" />
    <span id="t_974" from="5642" to="5644" />
    <span id="t_975" from="5644" to="5645" />
    <span id="t_976" from="5646" to="5650" />
    <span id="t_977" from="5651" to="5657" />
    <span id="t_978" from="5657" to="5658" />
    <span id="t_979" from="5659" to="5660" />
    <span id="t_980" from="5661" to="5668" />
    <span id="t_981" from="5669" to="5675" />
    <span id="t_982" from="5675" to="5676" />
    <span id="t_983" from="5677" to="5678" />
    <span id="t_984" from="5678" to="5683" />
    <span id="t_985" from="5684" to="5687" />
    <span id="t_986" from="5688" to="5695" />
    <span id="t_987" from="5696" to="5698" />
    <span id="t_988" from="5698" to="5699" />
    <span id="t_989" from="5699" to="5702" />
    <span id="t_990" from="5703" to="5709" />
    <span id="t_991" from="5709" to="5710" />
    <span id="t_992" from="5711" to="5718" />
    <span id="t_993" from="5718" to="5719" />
    <span id="t_994" from="5719" to="5720" />
    <span id="t_995" from="5721" to="5722" />
    <span id="t_996" from="5722" to="5727" />
    <span id="t_997" from="5728" to="5733" />
    <span id="t_998" from="5734" to="5735" />
    <span id="t_999" from="5735" to="5738" />
    <span id="t_1000" from="5738" to="5739" />
    <span id="t_1001" from="5739" to="5742" />
    <span id="t_1002" from="5742" to="5743" />
    <span id="t_1003" from="5743" to="5744" />
    <span id="t_1004" from="5745" to="5750" />
    <span id="t_1005" from="5751" to="5754" />
    <span id="t_1006" from="5755" to="5757" />
    <span id="t_1007" from="5758" to="5763" />
    <span id="t_1008" from="5764" to="5770" />
    <span id="t_1009" from="5770" to="5771" />
    <span id="t_1010" from="5772" to="5777" />
    <span id="t_1011" from="5778" to="5781" />
    <span id="t_1012" from="5782" to="5786" />
    <span id="t_1013" from="5787" to="5789" />
    <span id="t_1014" from="5790" to="5796" />
    <span id="t_1015" from="5796" to="5797" />
    <span id="t_1016" from="5798" to="5803" />
    <span id="t_1017" from="5804" to="5807" />
    <span id="t_1018" from="5808" to="5810" />
    <span id="t_1019" from="5811" to="5814" />
    <span id="t_1020" from="5815" to="5824" />
    <span id="t_1021" from="5825" to="5828" />
    <span id="t_1022" from="5829" to="5832" />
    <span id="t_1023" from="5833" to="5847" />
    <span id="t_1024" from="5847" to="5848" />
    <span id="t_1025" from="5848" to="5849" />
    <span id="t_1026" from="5850" to="5851" />
    <span id="t_1027" from="5851" to="5858" />
    <span id="t_1028" from="5859" to="5863" />
    <span id="t_1029" from="5864" to="5871" />
    <span id="t_1030" from="5872" to="5874" />
    <span id="t_1031" from="5874" to="5875" />
    <span id="t_1032" from="5875" to="5878" />
    <span id="t_1033" from="5879" to="5885" />
    <span id="t_1034" from="5886" to="5889" />
    <span id="t_1035" from="5890" to="5893" />
    <span id="t_1036" from="5894" to="5897" />
    <span id="t_1037" from="5898" to="5901" />
    <span id="t_1038" from="5901" to="5902" />
    <span id="t_1039" from="5903" to="5904" />
    <span id="t_1040" from="5904" to="5911" />
    <span id="t_1041" from="5912" to="5915" />
    <span id="t_1042" from="5916" to="5928" />
    <span id="t_1043" from="5929" to="5932" />
    <span id="t_1044" from="5933" to="5943" />
    <span id="t_1045" from="5944" to="5946" />
    <span id="t_1046" from="5946" to="5947" />
    <span id="t_1047" from="5947" to="5950" />
    <span id="t_1048" from="5951" to="5957" />
    <span id="t_1049" from="5958" to="5961" />
    <span id="t_1050" from="5962" to="5965" />
    <span id="t_1051" from="5966" to="5969" />
    <span id="t_1052" from="5970" to="5971" />
    <span id="t_1053" from="5972" to="5983" />
    <span id="t_1054" from="5984" to="5987" />
    <span id="t_1055" from="5988" to="5991" />
    <span id="t_1056" from="5992" to="5995" />
    <span id="t_1057" from="5995" to="5996" />
    <span id="t_1058" from="5996" to="5999" />
    <span id="t_1059" from="6000" to="6001" />
    <span id="t_1060" from="6002" to="6006" />
    <span id="t_1061" from="6006" to="6007" />
    <span id="t_1062" from="6007" to="6013" />
    <span id="t_1063" from="6014" to="6020" />
    <span id="t_1064" from="6021" to="6022" />
    <span id="t_1065" from="6022" to="6025" />
    <span id="t_1066" from="6025" to="6026" />
    <span id="t_1067" from="6026" to="6027" />
    <span id="t_1068" from="6028" to="6034" />
    <span id="t_1069" from="6035" to="6042" />
    <span id="t_1070" from="6043" to="6050" />
    <span id="t_1071" from="6051" to="6056" />
    <span id="t_1072" from="6056" to="6057" />
    <span id="t_1073" from="6058" to="6059" />
    <span id="t_1074" from="6060" to="6065" />
    <span id="t_1075" from="6066" to="6071" />
    <span id="t_1076" from="6072" to="6073" />
    <span id="t_1077" from="6073" to="6076" />
    <span id="t_1078" from="6076" to="6077" />
    <span id="t_1079" from="6077" to="6080" />
    <span id="t_1080" from="6080" to="6081" />
    <span id="t_1081" from="6081" to="6082" />
    <span id="t_1082" from="6083" to="6086" />
    <span id="t_1083" from="6087" to="6091" />
    <span id="t_1084" from="6092" to="6095" />
    <span id="t_1085" from="6096" to="6099" />
    <span id="t_1086" from="6100" to="6102" />
    <span id="t_1087" from="6103" to="6108" />
    <span id="t_1088" from="6109" to="6114" />
    <span id="t_1089" from="6115" to="6123" />
    <span id="t_1090" from="6123" to="6124" />
    <span id="t_1091" from="6124" to="6125" />
    <span id="t_1092" from="6126" to="6127" />
    <span id="t_1093" from="6127" to="6134" />
    <span id="t_1094" from="6135" to="6139" />
    <span id="t_1095" from="6140" to="6147" />
    <span id="t_1096" from="6148" to="6150" />
    <span id="t_1097" from="6150" to="6151" />
    <span id="t_1098" from="6151" to="6154" />
    <span id="t_1099" from="6155" to="6161" />
    <span id="t_1100" from="6162" to="6165" />
    <span id="t_1101" from="6166" to="6169" />
    <span id="t_1102" from="6170" to="6173" />
    <span id="t_1103" from="6174" to="6177" />
    <span id="t_1104" from="6177" to="6178" />
    <span id="t_1105" from="6179" to="6180" />
    <span id="t_1106" from="6180" to="6185" />
    <span id="t_1107" from="6186" to="6189" />
    <span id="t_1108" from="6190" to="6193" />
    <span id="t_1109" from="6194" to="6197" />
    <span id="t_1110" from="6197" to="6198" />
    <span id="t_1111" from="6198" to="6201" />
    <span id="t_1112" from="6201" to="6202" />
    <span id="t_1113" from="6203" to="6205" />
    <span id="t_1114" from="6206" to="6215" />
    <span id="t_1115" from="6216" to="6225" />
    <span id="t_1116" from="6225" to="6226" />
    <span id="t_1117" from="6227" to="6228" />
    <span id="t_1118" from="6229" to="6237" />
    <span id="t_1119" from="6238" to="6248" />
    <span id="t_1120" from="6249" to="6250" />
    <span id="t_1121" from="6250" to="6253" />
    <span id="t_1122" from="6253" to="6254" />
    <span id="t_1123" from="6254" to="6257" />
    <span id="t_1124" from="6257" to="6258" />
    <span id="t_1125" from="6258" to="6259" />
    <span id="t_1126" from="6260" to="6265" />
    <span id="t_1127" from="6266" to="6272" />
    <span id="t_1128" from="6273" to="6276" />
    <span id="t_1129" from="6277" to="6281" />
    <span id="t_1130" from="6282" to="6285" />
    <span id="t_1131" from="6285" to="6286" />
    <span id="t_1132" from="6286" to="6287" />
    <span id="t_1133" from="6288" to="6289" />
    <span id="t_1134" from="6289" to="6293" />
    <span id="t_1135" from="6293" to="6294" />
    <span id="t_1136" from="6294" to="6300" />
    <span id="t_1137" from="6301" to="6307" />
    <span id="t_1138" from="6308" to="6309" />
    <span id="t_1139" from="6309" to="6312" />
    <span id="t_1140" from="6312" to="6313" />
    <span id="t_1141" from="6313" to="6314" />
    <span id="t_1142" from="6315" to="6319" />
    <span id="t_1143" from="6320" to="6328" />
    <span id="t_1144" from="6328" to="6329" />
    <span id="t_1145" from="6330" to="6333" />
    <span id="t_1146" from="6333" to="6334" />
    <span id="t_1147" from="6334" to="6335" />
    <span id="t_1148" from="6336" to="6337" />
    <span id="t_1149" from="6337" to="6341" />
    <span id="t_1150" from="6341" to="6342" />
    <span id="t_1151" from="6342" to="6348" />
    <span id="t_1152" from="6349" to="6355" />
    <span id="t_1153" from="6356" to="6357" />
    <span id="t_1154" from="6357" to="6360" />
    <span id="t_1155" from="6360" to="6361" />
    <span id="t_1156" from="6361" to="6362" />
    <span id="t_1157" from="6363" to="6368" />
    <span id="t_1158" from="6369" to="6373" />
    <span id="t_1159" from="6374" to="6376" />
    <span id="t_1160" from="6377" to="6381" />
    <span id="t_1161" from="6382" to="6392" />
    <span id="t_1162" from="6392" to="6393" />
    <span id="t_1163" from="6394" to="6395" />
    <span id="t_1164" from="6396" to="6401" />
    <span id="t_1165" from="6402" to="6407" />
    <span id="t_1166" from="6408" to="6409" />
    <span id="t_1167" from="6409" to="6412" />
    <span id="t_1168" from="6412" to="6413" />
    <span id="t_1169" from="6413" to="6416" />
    <span id="t_1170" from="6416" to="6417" />
    <span id="t_1171" from="6417" to="6418" />
    <span id="t_1172" from="6419" to="6422" />
    <span id="t_1173" from="6423" to="6426" />
    <span id="t_1174" from="6427" to="6432" />
    <span id="t_1175" from="6433" to="6436" />
    <span id="t_1176" from="6437" to="6442" />
    <span id="t_1177" from="6443" to="6457" />
    <span id="t_1178" from="6457" to="6458" />
    <span id="t_1179" from="6459" to="6460" />
    <span id="t_1180" from="6461" to="6465" />
    <span id="t_1181" from="6466" to="6476" />
    <span id="t_1182" from="6477" to="6478" />
    <span id="t_1183" from="6478" to="6481" />
    <span id="t_1184" from="6481" to="6482" />
    <span id="t_1185" from="6482" to="6485" />
    <span id="t_1186" from="6485" to="6486" />
    <span id="t_1187" from="6486" to="6487" />
    <span id="t_1188" from="6488" to="6493" />
    <span id="t_1189" from="6494" to="6498" />
    <span id="t_1190" from="6499" to="6502" />
    <span id="t_1191" from="6503" to="6506" />
    <span id="t_1192" from="6507" to="6519" />
    <span id="t_1193" from="6519" to="6520" />
    <span id="t_1194" from="6520" to="6521" />
    <span id="t_1195" from="6522" to="6523" />
    <span id="t_1196" from="6523" to="6530" />
    <span id="t_1197" from="6531" to="6535" />
    <span id="t_1198" from="6536" to="6543" />
    <span id="t_1199" from="6544" to="6546" />
    <span id="t_1200" from="6546" to="6547" />
    <span id="t_1201" from="6547" to="6550" />
    <span id="t_1202" from="6551" to="6557" />
    <span id="t_1203" from="6558" to="6561" />
    <span id="t_1204" from="6562" to="6565" />
    <span id="t_1205" from="6566" to="6569" />
    <span id="t_1206" from="6570" to="6573" />
    <span id="t_1207" from="6574" to="6575" />
    <span id="t_1208" from="6576" to="6587" />
    <span id="t_1209" from="6588" to="6591" />
    <span id="t_1210" from="6592" to="6595" />
    <span id="t_1211" from="6596" to="6599" />
    <span id="t_1212" from="6599" to="6600" />
    <span id="t_1213" from="6600" to="6603" />
    <span id="t_1214" from="6604" to="6607" />
    <span id="t_1215" from="6608" to="6611" />
    <span id="t_1216" from="6612" to="6615" />
    <span id="t_1217" from="6615" to="6616" />
    <span id="t_1218" from="6617" to="6618" />
    <span id="t_1219" from="6618" to="6622" />
    <span id="t_1220" from="6622" to="6623" />
    <span id="t_1221" from="6623" to="6629" />
    <span id="t_1222" from="6630" to="6636" />
    <span id="t_1223" from="6637" to="6638" />
    <span id="t_1224" from="6638" to="6641" />
    <span id="t_1225" from="6641" to="6642" />
    <span id="t_1226" from="6642" to="6643" />
    <span id="t_1227" from="6644" to="6647" />
    <span id="t_1228" from="6648" to="6654" />
    <span id="t_1229" from="6655" to="6660" />
    <span id="t_1230" from="6661" to="6664" />
    <span id="t_1231" from="6665" to="6674" />
    <span id="t_1232" from="6675" to="6682" />
    <span id="t_1233" from="6682" to="6683" />
    <span id="t_1234" from="6683" to="6684" />
    <span id="t_1235" from="6685" to="6686" />
    <span id="t_1236" from="6686" to="6690" />
    <span id="t_1237" from="6690" to="6691" />
    <span id="t_1238" from="6691" to="6697" />
    <span id="t_1239" from="6698" to="6704" />
    <span id="t_1240" from="6705" to="6706" />
    <span id="t_1241" from="6706" to="6709" />
    <span id="t_1242" from="6709" to="6710" />
    <span id="t_1243" from="6710" to="6711" />
    <span id="t_1244" from="6712" to="6715" />
    <span id="t_1245" from="6716" to="6721" />
    <span id="t_1246" from="6722" to="6725" />
    <span id="t_1247" from="6726" to="6730" />
    <span id="t_1248" from="6731" to="6738" />
    <span id="t_1249" from="6738" to="6739" />
    <span id="t_1250" from="6739" to="6740" />
    <span id="t_1251" from="6741" to="6742" />
    <span id="t_1252" from="6742" to="6746" />
    <span id="t_1253" from="6746" to="6747" />
    <span id="t_1254" from="6747" to="6753" />
    <span id="t_1255" from="6754" to="6760" />
    <span id="t_1256" from="6761" to="6762" />
    <span id="t_1257" from="6762" to="6765" />
    <span id="t_1258" from="6765" to="6766" />
    <span id="t_1259" from="6766" to="6767" />
    <span id="t_1260" from="6768" to="6772" />
    <span id="t_1261" from="6772" to="6773" />
    <span id="t_1262" from="6774" to="6782" />
    <span id="t_1263" from="6782" to="6783" />
    <span id="t_1264" from="6783" to="6784" />
    <span id="t_1265" from="6785" to="6786" />
    <span id="t_1266" from="6786" to="6791" />
    <span id="t_1267" from="6792" to="6795" />
    <span id="t_1268" from="6796" to="6799" />
    <span id="t_1269" from="6800" to="6803" />
    <span id="t_1270" from="6803" to="6804" />
    <span id="t_1271" from="6805" to="6807" />
    <span id="t_1272" from="6808" to="6811" />
    <span id="t_1273" from="6812" to="6814" />
    <span id="t_1274" from="6815" to="6817" />
    <span id="t_1275" from="6818" to="6823" />
    <span id="t_1276" from="6824" to="6830" />
    <span id="t_1277" from="6830" to="6831" />
    <span id="t_1278" from="6831" to="6832" />
    <span id="t_1279" from="6833" to="6834" />
    <span id="t_1280" from="6834" to="6838" />
    <span id="t_1281" from="6838" to="6839" />
    <span id="t_1282" from="6839" to="6845" />
    <span id="t_1283" from="6846" to="6852" />
    <span id="t_1284" from="6853" to="6854" />
    <span id="t_1285" from="6854" to="6857" />
    <span id="t_1286" from="6857" to="6858" />
    <span id="t_1287" from="6858" to="6859" />
    <span id="t_1288" from="6860" to="6862" />
    <span id="t_1289" from="6863" to="6867" />
    <span id="t_1290" from="6868" to="6875" />
    <span id="t_1291" from="6876" to="6880" />
    <span id="t_1292" from="6881" to="6884" />
    <span id="t_1293" from="6885" to="6888" />
    <span id="t_1294" from="6889" to="6894" />
    <span id="t_1295" from="6894" to="6895" />
    <span id="t_1296" from="6895" to="6896" />
    <span id="t_1297" from="6897" to="6898" />
    <span id="t_1298" from="6898" to="6905" />
    <span id="t_1299" from="6906" to="6910" />
    <span id="t_1300" from="6911" to="6918" />
    <span id="t_1301" from="6919" to="6921" />
    <span id="t_1302" from="6921" to="6922" />
    <span id="t_1303" from="6922" to="6925" />
    <span id="t_1304" from="6926" to="6932" />
    <span id="t_1305" from="6933" to="6936" />
    <span id="t_1306" from="6937" to="6940" />
    <span id="t_1307" from="6941" to="6944" />
    <span id="t_1308" from="6945" to="6948" />
    <span id="t_1309" from="6949" to="6950" />
    <span id="t_1310" from="6951" to="6955" />
    <span id="t_1311" from="6955" to="6956" />
    <span id="t_1312" from="6956" to="6962" />
    <span id="t_1313" from="6963" to="6969" />
    <span id="t_1314" from="6970" to="6971" />
    <span id="t_1315" from="6971" to="6974" />
    <span id="t_1316" from="6974" to="6975" />
    <span id="t_1317" from="6975" to="6976" />
    <span id="t_1318" from="6977" to="6980" />
    <span id="t_1319" from="6981" to="6985" />
    <span id="t_1320" from="6986" to="6989" />
    <span id="t_1321" from="6990" to="7006" />
    <span id="t_1322" from="7006" to="7007" />
    <span id="t_1323" from="7007" to="7008" />
  </spanList>
</layer>